timestamp,usage
2017-01-19,8578
2017-01-20,8698
2017-01-21,8147
2017-01-22,8359
2017-01-23,7484
2017-01-24,10204
2017-01-25,9492
2017-01-26,9464
2017-01-27,8881
2017-01-28,9077
2017-01-29,8891
2017-01-30,7616
2017-01-31,10490
2017-02-01,9796
2017-02-02,9956
2017-02-03,8444
2017-02-04,8001
2017-02-05,8982
2017-02-06,6742
2017-02-07,10291
2017-02-08,9070
2017-02-09,9928
2017-02-10,6043
2017-02-11,8428
2017-02-12,8339
2017-02-13,7803
2017-02-14,7402
2017-02-15,9730
2017-02-16,10224
2017-02-17,8876
2017-02-18,8167
2017-02-19,10340
2017-02-20,7321
2017-02-21,7390
2017-02-22,10740
2017-02-23,10327
2017-02-24,8070
2017-02-25,7617
2017-02-26,8083
2017-02-27,6455
2017-02-28,8434
2017-03-01,8592
2017-03-02,8450
2017-03-03,7315
2017-03-04,7003
2017-03-05,7133
2017-03-06,5913
2017-03-07,8768
2017-03-08,8223
2017-03-09,8424
2017-03-10,6957
2017-03-11,6002
2017-03-12,7623
2017-03-13,5649
2017-03-14,8617
2017-03-15,5164
2017-03-16,7908
2017-03-17,6755
2017-03-18,7187
2017-03-19,6823
2017-03-20,5527
2017-03-21,8346
2017-03-22,7915
2017-03-23,7781
2017-03-24,6478
2017-03-25,6947
2017-03-26,6731
2017-03-27,5507
2017-03-28,8112
2017-03-29,7872
2017-03-30,8061
2017-03-31,6684
2017-04-01,6804
2017-04-02,5963
2017-04-03,5389
2017-04-04,8315
2017-04-05,7358
2017-04-06,8064
2017-04-07,5828
2017-04-08,7393
2017-04-09,6814
2017-04-10,4989
2017-04-11,7655
2017-04-12,7192
2017-04-13,7523
2017-04-14,6000
2017-04-15,5208
2017-04-16,7483
2017-04-17,4080
2017-04-18,4849
2017-04-19,8014
2017-04-20,7763
2017-04-21,6538
2017-04-22,6466
2017-04-23,6492
2017-04-24,5250
2017-04-25,8063
2017-04-26,7389
2017-04-27,7825
2017-04-28,6388
2017-04-29,7020
2017-04-30,6400
2017-05-01,4947
2017-05-02,8280
2017-05-03,7492
2017-05-04,7497
2017-05-05,5984
2017-05-06,5765
2017-05-07,7073
2017-05-08,2800
2017-05-09,6384
2017-05-10,7414
2017-05-11,7662
2017-05-12,6405
2017-05-13,7125
2017-05-14,5685
2017-05-15,4821
2017-05-16,7847
2017-05-17,7200
2017-05-18,7103
2017-05-19,5844
2017-05-20,6648
2017-05-21,6198
2017-05-22,4726
2017-05-23,7994
2017-05-24,7763
2017-05-25,7964
2017-05-26,5892
2017-05-27,5180
2017-05-30,624
2017-05-31,7735
2017-06-01,8525
2017-06-02,6985
2017-06-03,7145
2017-06-04,6823
2017-06-05,5170
2017-06-06,8386
2017-06-07,7729
2017-06-08,7948
2017-06-09,6468
2017-06-10,6985
2017-06-11,6225
2017-06-12,4971
2017-06-13,7763
2017-06-14,7651
2017-06-15,7620
2017-06-16,6107
2017-06-17,5910
2017-06-18,6911
2017-06-19,4442
2017-06-20,7636
2017-06-21,7831
2017-06-22,7777
2017-06-23,6883
2017-06-24,7176
2017-06-25,6424
2017-06-26,4960
2017-06-27,8549
2017-06-28,8864
2017-06-29,9538
2017-06-30,8625
2017-07-01,9159
2017-07-02,6292
2017-07-03,7540
2017-07-04,8714
2017-07-05,5685
2017-07-06,9944
2017-07-07,8409
2017-07-08,8534
2017-07-09,8266
2017-07-10,6895
2017-07-11,10198
2017-07-12,9651
2017-07-13,9455
2017-07-14,8439
2017-07-15,9105
2017-07-16,7616
2017-07-17,6903
2017-07-18,10131
2017-07-19,9628
2017-07-20,9145
2017-07-21,8035
2017-07-22,8529
2017-07-23,6505
2017-07-24,7289
2017-07-25,9611
2017-07-26,9833
2017-07-27,9713
2017-07-28,8258
2017-07-29,8809
2017-07-30,8260
2017-07-31,6939
2017-08-01,10257
2017-08-02,9570
2017-08-03,9416
2017-08-04,8242
2017-08-05,8991
2017-08-06,8363
2017-08-07,6774
2017-08-08,10150
2017-08-09,9865
2017-08-10,9455
2017-08-11,8251
2017-08-12,8671
2017-08-13,7619
2017-08-14,6895
2017-08-15,10218
2017-08-16,9366
2017-08-17,9277
2017-08-18,8029
2017-08-19,8880
2017-08-20,7729
2017-08-21,6530
2017-08-22,9818
2017-08-23,9333
2017-08-24,9380
2017-08-25,8031
2017-08-26,9008
2017-08-27,7950
2017-08-28,6824
2017-08-29,10289
2017-08-30,9748
2017-08-31,9273
2017-09-01,7849
2017-09-02,7224
2017-09-03,9285
2017-09-04,6202
2017-09-05,6863
2017-09-06,10147
2017-09-07,9655
2017-09-08,8134
2017-09-09,8689
2017-09-10,8643
2017-09-11,6818
2017-09-12,9994
2017-09-13,9534
2017-09-14,9442
2017-09-15,7987
2017-09-16,8760
2017-09-17,8254
2017-09-18,7018
2017-09-19,10014
2017-09-20,9511
2017-09-21,8962
2017-09-22,8317
2017-09-23,7533
2017-09-24,8971
2017-09-25,6870
2017-09-26,10014
2017-09-27,9684
2017-09-28,9715
2017-09-29,8319
2017-09-30,8674
2017-10-01,7999
2017-10-02,5915
2017-10-03,9954
2017-10-04,9194
2017-10-05,9494
2017-10-06,9483
2017-10-07,7591
2017-10-08,9689
2017-10-09,6618
2017-10-10,7190
2017-10-11,10082
2017-10-12,9491
2017-10-13,8064
2017-10-14,7828
2017-10-15,8649
2017-10-16,6468
2017-10-17,10158
2017-10-18,9398
2017-10-19,9396
2017-10-20,8009
2017-10-21,8707
2017-10-22,8100
2017-10-23,6843
2017-10-24,9910
2017-10-25,9575
2017-10-26,9432
2017-10-27,8053
2017-10-28,7360
2017-10-29,8715
2017-10-30,6863
2017-10-31,9781
2017-11-01,8653
2017-11-02,9322
2017-11-03,8091
2017-11-04,8515
2017-11-05,8323
2017-11-06,7060
2017-11-07,9989
2017-11-08,9562
2017-11-09,7747
2017-11-10,8335
2017-11-11,9342
2017-11-12,5842
2017-11-13,6723
2017-11-14,9768
2017-11-15,9587
2017-11-16,9296
2017-11-17,7855
2017-11-18,8331
2017-11-19,8374
2017-11-20,6806
2017-11-21,8173
2017-11-22,10544
2017-11-23,8054
2017-11-24,3423
2017-11-25,7579
2017-11-26,7887
2017-11-27,7298
2017-11-28,9660
2017-11-29,9738
2017-11-30,8050
2017-12-01,8493
2017-12-02,8912
2017-12-03,8171
2017-12-04,6882
2017-12-05,9232
2017-12-06,9279
2017-12-07,9441
2017-12-08,7748
2017-12-09,8033
2017-12-10,7667
2017-12-11,6534
2017-12-12,8154
2017-12-13,9013
2017-12-14,8414
2017-12-15,7395
2017-12-16,8135
2017-12-17,7790
2017-12-18,6509
2017-12-19,9125
2017-12-20,8963
2017-12-21,8567
2017-12-22,7088
2017-12-23,6672
2017-12-24,8315
2017-12-25,4767
2017-12-26,4921
2017-12-27,8402
2017-12-28,8372
2017-12-29,7498
2017-12-30,6758
2017-12-31,9006
2018-01-01,5633
2018-01-02,5106
2018-01-03,9673
2018-01-04,9704
2018-01-05,5883
2018-01-06,7777
2018-01-07,8436
2018-01-08,7618
2018-01-09,9599
2018-01-10,9601
2018-01-11,9230
2018-01-12,8046
2018-01-13,7213
2018-01-14,8752
2018-01-15,6549
2018-01-16,6413
2018-01-17,9624
2018-01-18,8951
2018-01-19,8190
2018-01-20,7351
2018-01-21,8809
2018-01-22,6988
2018-01-23,8934
2018-01-24,8694
2018-01-25,9616
2018-01-26,8079
2018-01-27,8393
2018-01-28,8351
2018-01-29,6378
2018-01-30,10158
2018-01-31,9211
2018-02-01,9589
2018-02-02,8417
2018-02-03,7489
2018-02-04,8248
2018-02-05,6177
2018-02-06,9765
2018-02-07,9484
2018-02-08,9183
2018-02-09,8126
2018-02-10,8129
2018-02-11,8177
2018-02-12,7252
2018-02-13,9472
2018-02-14,9174
2018-02-15,8958
2018-02-16,8204
2018-02-17,7419
2018-02-18,9287
2018-02-19,6633
2018-02-20,6982
2018-02-21,10193
2018-02-22,9837
2018-02-23,8201
2018-02-24,8177
2018-02-25,8895
2018-02-26,7145
2018-02-27,10225
2018-02-28,9895
2018-03-01,9904
2018-03-02,8483
2018-03-03,7495
2018-03-04,8426
2018-03-05,7065
2018-03-06,9979
2018-03-07,9744
2018-03-08,9510
2018-03-09,7440
2018-03-10,7798
2018-03-11,8890
2018-03-12,7053
2018-03-13,10257
2018-03-14,6585
2018-03-15,9085
2018-03-16,8209
2018-03-17,8625
2018-03-18,8102
2018-03-19,7005
2018-03-20,10017
2018-03-21,9287
2018-03-22,9822
2018-03-23,7972
2018-03-24,8872
2018-03-25,8069
2018-03-26,7052
2018-03-27,9807
2018-03-28,9381
2018-03-29,9424
2018-03-30,7810
2018-03-31,8636
2018-04-01,7230
2018-04-02,5448
2018-04-03,9960
2018-04-04,9515
2018-04-05,9598
2018-04-06,8297
2018-04-07,8350
2018-04-08,8470
2018-04-09,7188
2018-04-10,9859
2018-04-11,9258
2018-04-12,9419
2018-04-13,7775
2018-04-14,7267
2018-04-15,9319
2018-04-16,6242
2018-04-17,6572
2018-04-18,9902
2018-04-19,9661
2018-04-20,7860
2018-04-21,8412
2018-04-22,7653
2018-04-23,6547
2018-04-24,9725
2018-04-25,9288
2018-04-26,9330
2018-04-27,8012
2018-04-28,8537
2018-04-29,7956
2018-04-30,6892
2018-05-01,9800
2018-05-02,9197
2018-05-03,8769
2018-05-04,7472
2018-05-05,7204
2018-05-06,7812
2018-05-07,6832
2018-05-08,9622
2018-05-09,8894
2018-05-10,8560
2018-05-11,7819
2018-05-12,8120
2018-05-13,7489
2018-05-14,6118
2018-05-15,9552
2018-05-16,8689
2018-05-17,9347
2018-05-18,7999
2018-05-19,8264
2018-05-20,7306
2018-05-21,6540
2018-05-22,9676
2018-05-23,9338
2018-05-24,8933
2018-05-25,7818
2018-05-26,7267
2018-05-27,8348
2018-05-28,5804
2018-05-29,6684
2018-05-30,9825
2018-05-31,9741
2018-06-01,8200
2018-06-02,8626
2018-06-03,7921
2018-06-04,6857
2018-06-05,9826
2018-06-06,9558
2018-06-07,9443
2018-06-08,8255
2018-06-09,8243
2018-06-10,7485
2018-06-11,6716
2018-06-12,9973
2018-06-13,9844
2018-06-14,9530
2018-06-15,8135
2018-06-16,7719
2018-06-17,7905
2018-06-18,6519
2018-06-19,9761
2018-06-20,9748
2018-06-21,9441
2018-06-22,8541
2018-06-23,8841
2018-06-24,8028
2018-06-25,7226
2018-06-26,10377
2018-06-27,9736
2018-06-28,9945
2018-06-29,8702
2018-06-30,9120
2018-07-01,7778
2018-07-02,5672
2018-07-03,11263
2018-07-04,9085
2018-07-05,5679
2018-07-06,8581
2018-07-07,8819
2018-07-08,7925
2018-07-09,6869
2018-07-10,10490
2018-07-11,9875
2018-07-12,9741
2018-07-13,8510
2018-07-14,8805
2018-07-15,8047
2018-07-16,7217
2018-07-17,10419
2018-07-18,9378
2018-07-19,9691
2018-07-20,8445
2018-07-21,9023
2018-07-22,7955
2018-07-23,6607
2018-07-24,10984
2018-07-25,9984
2018-07-26,9591
2018-07-27,8671
2018-07-28,9054
2018-07-29,8319
2018-07-30,5917
2018-07-31,10566
2018-08-01,10103
2018-08-02,9803
2018-08-03,8411
2018-08-04,9201
2018-08-05,8029
2018-08-06,7295
2018-08-07,10239
2018-08-08,9744
2018-08-09,9677
2018-08-10,8396
2018-08-11,8962
2018-08-12,8217
2018-08-13,7026
2018-08-14,10585
2018-08-15,9840
2018-08-16,9494
2018-08-17,8420
2018-08-18,9210
2018-08-19,8429
2018-08-20,7138
2018-08-21,10566
2018-08-22,9668
2018-08-23,9688
2018-08-24,8882
2018-08-25,8782
2018-08-26,7774
2018-08-27,7294
2018-08-28,10574
2018-08-29,9787
2018-08-30,9472
2018-08-31,8172
2018-09-01,7798
2018-09-02,9491
2018-09-03,5947
2018-09-04,7051
2018-09-05,10482
2018-09-06,9926
2018-09-07,8379
2018-09-08,8666
2018-09-09,8503
2018-09-10,7070
2018-09-11,10082
2018-09-12,9933
2018-09-13,9621
2018-09-14,8364
2018-09-15,8579
2018-09-16,7997
2018-09-17,6985
2018-09-18,10079
2018-09-19,9488
2018-09-20,9982
2018-09-21,8284
2018-09-22,7966
2018-09-23,8668
2018-09-24,5776
2018-09-25,10164
2018-09-26,9321
2018-09-27,9741
2018-09-28,7968
2018-09-29,8593
2018-09-30,7954
2018-10-01,6847
2018-10-02,10597
2018-10-03,9980
2018-10-04,9837
2018-10-05,8447
2018-10-06,7574
2018-10-07,8991
2018-10-08,6691
2018-10-09,7207
2018-10-10,10187
2018-10-11,9764
2018-10-12,8179
2018-10-13,8174
2018-10-14,8335
2018-10-15,6733
2018-10-16,9899
2018-10-17,9487
2018-10-18,9638
2018-10-19,8064
2018-10-20,8198
2018-10-21,7590
2018-10-22,6923
2018-10-23,9780
2018-10-24,9138
2018-10-25,9297
2018-10-26,7829
2018-10-27,7466
2018-10-28,7755
2018-10-29,7019
2018-10-30,9631
2018-10-31,9393
2018-11-01,8604
2018-11-02,8083
2018-11-03,8844
2018-11-04,7990
2018-11-05,7117
2018-11-06,9828
2018-11-07,8915
2018-11-08,9599
2018-11-09,7978
2018-11-10,7596
2018-11-11,9326
2018-11-12,6168
2018-11-13,6986
2018-11-14,9731
2018-11-15,9304
2018-11-16,7978
2018-11-17,7838
2018-11-18,8322
2018-11-19,6811
2018-11-20,8419
2018-11-21,10178
2018-11-22,8561
2018-11-23,3492
2018-11-24,7336
2018-11-25,7778
2018-11-26,7618
2018-11-27,9675
2018-11-28,9930
2018-11-29,9703
2018-11-30,8260
2018-12-01,7955
2018-12-02,8463
2018-12-03,6852
2018-12-04,9637
2018-12-05,9268
2018-12-06,8981
2018-12-07,7708
2018-12-08,8274
2018-12-09,7597
2018-12-10,6644
2018-12-11,8359
2018-12-12,9084
2018-12-13,8932
2018-12-14,7485
2018-12-15,8146
2018-12-16,7693
2018-12-17,6870
2018-12-18,9531
2018-12-19,9028
2018-12-20,8899
2018-12-21,7662
2018-12-22,7575
2018-12-23,6344
2018-12-24,6944
2018-12-25,6409
2018-12-26,4889
2018-12-27,8879
2018-12-28,8029
2018-12-29,8233
2018-12-30,6978
2018-12-31,8043
2019-01-01,7879
2019-01-03,12076
2019-01-04,9567
2019-01-05,9603
2019-01-06,8504
2019-01-07,7766
2019-01-08,10240
2019-01-09,9711
2019-01-10,10026
2019-01-11,8465
2019-01-12,8522
2019-01-13,7569
2019-01-14,7370
2019-01-15,9798
2019-01-16,9591
2019-01-17,9846
2019-01-18,8471
2019-01-19,7796
2019-01-20,8529
2019-01-21,7136
2019-01-22,7072
2019-01-23,9387
2019-01-24,9870
2019-01-25,8112
2019-01-26,9362
2019-01-27,8967
2019-01-28,7683
2019-01-29,10233
2019-01-30,9953
2019-01-31,9820
2019-02-01,8180
2019-02-02,8591
2019-02-03,8436
2019-02-04,6529
2019-02-05,10084
2019-02-06,9352
2019-02-07,10053
2019-02-08,8438
2019-02-09,7975
2019-02-10,8355
2019-02-11,7394
2019-02-12,10003
2019-02-13,9375
2019-02-14,9697
2019-02-15,8130
2019-02-16,8094
2019-02-17,9905
2019-02-18,7111
2019-02-19,7046
2019-02-20,10194
2019-02-21,9909
2019-02-22,8399
2019-02-23,8735
2019-02-24,8779
2019-02-25,7735
2019-02-26,10094
2019-02-27,10098
2019-02-28,9968
2019-03-01,8209
2019-03-02,9025
2019-03-03,8607
2019-03-04,7456
2019-03-05,7769
2019-03-06,11024
2019-03-07,10618
2019-03-08,9263
2019-03-09,8662
2019-03-10,9911
2019-03-11,7786
2019-03-12,11024
2019-03-13,10420
2019-03-14,10272
2019-03-15,9463
2019-03-16,9048
2019-03-17,8837
2019-03-18,7774
2019-03-19,10790
2019-03-20,10951
2019-03-21,10475
2019-03-22,9209
2019-03-23,8730
2019-03-24,9087
2019-03-25,7673
2019-03-26,10956
2019-03-27,10598
2019-03-28,10714
2019-03-29,9049
2019-03-30,9492
2019-03-31,9029
2019-04-01,8094
2019-04-02,11109
2019-04-03,10604
2019-04-04,10690
2019-04-05,9062
2019-04-06,9210
2019-04-07,8559
2019-04-08,7568
2019-04-09,10436
2019-04-10,10184
2019-04-11,10303
2019-04-12,8618
2019-04-13,8220
2019-04-14,9441
2019-04-15,5592
2019-04-16,7533
2019-04-17,10950
2019-04-18,10078
2019-04-19,8423
2019-04-20,8915
2019-04-21,8432
2019-04-22,6528
2019-04-23,10406
2019-04-24,10444
2019-04-25,10215
2019-04-26,8870
2019-04-27,8746
2019-04-28,8885
2019-04-29,7646
2019-04-30,10515
2019-05-01,10414
2019-05-02,10178
2019-05-03,8794
2019-05-04,8240
2019-05-05,8993
2019-05-06,7603
2019-05-07,10246
2019-05-08,10101
2019-05-09,9906
2019-05-10,8664
2019-05-11,9025
2019-05-12,8072
2019-05-13,6997
2019-05-14,10558
2019-05-15,10155
2019-05-16,10243
2019-05-17,8965
2019-05-18,9006
2019-05-19,7995
2019-05-20,7171
2019-05-21,10620
2019-05-22,10411
2019-05-23,10325
2019-05-24,8949
2019-05-25,7370
2019-05-28,884
2019-05-29,10431
2019-05-30,10695
2019-05-31,9104
2019-06-01,9044
2019-06-02,8728
2019-06-03,7814
2019-06-04,10527
2019-06-05,9838
2019-06-06,10066
2019-06-07,8922
2019-06-08,8869
2019-06-09,8050
2019-06-10,6947
2019-06-11,10557
2019-06-12,10267
2019-06-13,9734
2019-06-14,8915
2019-06-15,8473
2019-06-16,8537
2019-06-17,7449
2019-06-18,10423
2019-06-20,10354
2019-06-21,9346
2019-06-22,9556
2019-06-23,8404
2019-06-24,7450
2019-06-25,10807
2019-06-26,10635
2019-06-27,10605
2019-06-28,9189
2019-06-29,9230
2019-06-30,8706
2019-07-01,7965
2019-07-02,9951
2019-07-03,11223
2019-07-04,9931
2019-07-05,4973
2019-07-06,8696
2019-07-07,8722
2019-07-08,8154
2019-07-09,11143
2019-07-10,10817
2019-07-11,10386
2019-07-12,9171
2019-07-13,9667
2019-07-14,9038
2019-07-15,7927
2019-07-16,11033
2019-07-17,10520
2019-07-18,10220
2019-07-19,9347
2019-07-20,9469
2019-07-21,8687
2019-07-22,8125
2019-07-23,10267
2019-07-24,10868
2019-07-25,10354
2019-07-26,9303
2019-07-27,9916
2019-07-28,8540
2019-07-29,8116
2019-07-30,11242
2019-07-31,10802
2019-08-01,10267
2019-08-02,9705
2019-08-03,9609
2019-08-04,8977
2019-08-05,7897
2019-08-06,11162
2019-08-07,10550
2019-08-08,10403
2019-08-09,9329
2019-08-10,9728
2019-08-11,9029
2019-08-12,7992
2019-08-13,10952
2019-08-14,10798
2019-08-15,10432
2019-08-16,9536
2019-08-17,9625
2019-08-18,8822
2019-08-19,7871
2019-08-20,11134
2019-08-21,10832
2019-08-22,10412
2019-08-23,9363
2019-08-24,9521
2019-08-25,8636
2019-08-26,7987
2019-08-27,11095
2019-08-28,10584
2019-08-29,10325
2019-08-30,8910
2019-08-31,8456
2019-09-01,9758
2019-09-02,6844
2019-09-03,8017
2019-09-04,11145
2019-09-05,10750
2019-09-06,9394
2019-09-07,9694
2019-09-08,9425
2019-09-09,7819
2019-09-10,11004
2019-09-11,10731
2019-09-12,10291
2019-09-13,9351
2019-09-14,9453
2019-09-15,9147
2019-09-16,7700
2019-09-17,10953
2019-09-18,10307
2019-09-19,10297
2019-09-20,8893
2019-09-21,8224
2019-09-22,9298
2019-09-23,7920
2019-09-24,10915
2019-09-25,10783
2019-09-26,10736
2019-09-27,8947
2019-09-28,9512
2019-09-29,8849
2019-09-30,7701
2019-10-01,11017
2019-10-02,10485
2019-10-03,10232
2019-10-04,9394
2019-10-05,9558
2019-10-06,8466
2019-10-07,7824
2019-10-08,10842
2019-10-09,10619
2019-10-10,10325
2019-10-11,9230
2019-10-12,7995
2019-10-13,9920
2019-10-14,7206
2019-10-15,7631
2019-10-16,10906
2019-10-17,10906
2019-10-18,9222
2019-10-19,9405
2019-10-20,8816
2019-10-21,7729
2019-10-22,10918
2019-10-23,10345
2019-10-24,10294
2019-10-25,9191
2019-10-26,9333
2019-10-27,8818
2019-10-28,7897
2019-10-29,10889
2019-10-30,10274
2019-10-31,10712
2019-11-01,62272
2019-11-02,8778
2019-11-03,9114
2019-11-04,8260
2019-11-05,10817
2019-11-06,10511
2019-11-07,10503
2019-11-08,9245
2019-11-09,8586
2019-11-10,10173
2019-11-11,7699
2019-11-12,8054
2019-11-13,10669
2019-11-14,10092
2019-11-15,9119
2019-11-16,7934
2019-11-17,9284
2019-11-18,7853
2019-11-19,10297
2019-11-20,10024
2019-11-21,10199
2019-11-22,9238
2019-11-23,8949
2019-11-24,8842
2019-11-25,7867
2019-11-26,9393
2019-11-27,10885
2019-11-28,9149
2019-11-29,4252
2019-11-30,6954
2019-12-01,8809
2019-12-02,7947
2019-12-03,9822
2019-12-04,9161
2019-12-05,10348
2019-12-06,8822
2019-12-07,9023
2019-12-08,8489
2019-12-09,7664
2019-12-10,9994
2019-12-11,9828
2019-12-12,9985
2019-12-13,8291
2019-12-14,9007
2019-12-15,8311
2019-12-16,7564
2019-12-17,9360
2019-12-18,9568
2019-12-19,9668
2019-12-20,8394
2019-12-21,8565
2019-12-22,8107
2019-12-23,6059
2019-12-24,10191
2019-12-25,7106
2019-12-26,5584
2019-12-27,8279
2019-12-28,9100
2019-12-29,9352
2019-12-30,7015
2019-12-31,11289
2020-01-01,9092
2020-01-02,8099
2020-01-03,14079
2020-01-04,10680
2020-01-05,9669
2020-01-06,8446
2020-01-07,11047
2020-01-08,10801
2020-01-09,10446
2020-01-10,9312
2020-01-11,10011
2020-01-12,9076
2020-01-13,7565
2020-01-14,10989
2020-01-15,10680
2020-01-16,10661
2020-01-17,9483
2020-01-18,8646
2020-01-19,9926
2020-01-20,7127
2020-01-21,8670
2020-01-22,11171
2020-01-23,10749
2020-01-24,9957
2020-01-25,10051
2020-01-26,9690
2020-01-27,8711
2020-01-28,11543
2020-01-29,11275
2020-01-30,11348
2020-01-31,9944
2020-02-01,10010
2020-02-02,9785
2020-02-03,8169
2020-02-04,11259
2020-02-05,10836
2020-02-06,10889
2020-02-07,9538
2020-02-08,8703
2020-02-09,9923
2020-02-10,8361
2020-02-11,11326
2020-02-12,10991
2020-02-13,11112
2020-02-14,9498
2020-02-15,8402
2020-02-16,10456
2020-02-17,8300
2020-02-18,8440
2020-02-19,11518
2020-02-20,11278
2020-02-21,9858
2020-02-22,9648
2020-02-23,9897
2020-02-24,8833
2020-02-25,11489
2020-02-26,11474
2020-02-27,11252
2020-02-28,9610
2020-02-29,9558
2020-03-01,9605
2020-03-02,8862
2020-03-03,11153
2020-03-04,10851
2020-03-05,11442
2020-03-06,10095
2020-03-07,9883
2020-03-08,10470
2020-03-09,8964
2020-03-10,11650
2020-03-11,10951
2020-03-12,11213
2020-03-13,10044
2020-03-14,10497
2020-03-15,10874
2020-03-16,9560
2020-03-17,12873
2020-03-18,9385
2020-03-19,8090
2020-03-20,7982
2020-03-21,7224
2020-03-22,9821
2020-03-23,8615
2020-03-24,9765
2020-03-25,9600
2020-03-26,9611
2020-03-27,9489
2020-03-28,9134
2020-03-29,9812
2020-03-30,9222
2020-03-31,9854
2020-04-01,10269
2020-04-02,11367
2020-04-03,8416
2020-04-04,8245
2020-04-05,8246
2020-04-06,8570
2020-04-07,8026
2020-04-08,8293
2020-04-09,8012
2020-04-10,8381
2020-04-11,8127
2020-04-12,8155
2020-04-13,8015
2020-04-14,9039
2020-04-15,8486
2020-04-16,8214
2020-04-17,8282
2020-04-18,7177
2020-04-19,10178
2020-04-20,8821
2020-04-21,8801
2020-04-22,9274
2020-04-23,8925
2020-04-24,8586
2020-04-25,8468
2020-04-26,8204
2020-04-27,9156
2020-04-28,9458
2020-04-29,9188
2020-04-30,8624
2020-05-01,8961
2020-05-02,8772
2020-05-03,8619
2020-05-04,8754
2020-05-05,9188
2020-05-06,9353
2020-05-07,8853
2020-05-08,8547
2020-05-09,8430
2020-05-10,8936
2020-05-11,8512
2020-05-12,9322
2020-05-13,9303
2020-05-14,8669
2020-05-15,8426
2020-05-16,8219
2020-05-17,8260
2020-05-18,9263
2020-05-19,9123
2020-05-20,9266
2020-05-21,8694
2020-05-22,8389
2020-05-23,8556
2020-05-24,8919
2020-05-25,8535
2020-05-26,9557
2020-05-27,9443
2020-05-28,8902
2020-05-29,9081
2020-05-30,8478
2020-05-31,8612
2020-06-01,9014
2020-06-02,9395
2020-06-03,10051
2020-06-04,9640
2020-06-05,8766
2020-06-06,8885
2020-06-07,9330
2020-06-08,9433
2020-06-09,9729
2020-06-10,9570
2020-06-11,9453
2020-06-12,9257
2020-06-13,8828
2020-06-14,8471
2020-06-15,9518
2020-06-16,9815
2020-06-17,10086
2020-06-18,9537
2020-06-19,9447
2020-06-20,9183
2020-06-21,9028
2020-06-22,9208
2020-06-23,10616
2020-06-24,10203
2020-06-25,10094
2020-06-26,9873
2020-06-27,9274
2020-06-28,9426
2020-06-29,10025
2020-06-30,10548
2020-07-01,10763
2020-07-02,10206
2020-07-03,9909
2020-07-04,9222
2020-07-05,8261
2020-07-06,9872
2020-07-07,11077
2020-07-08,10532
2020-07-09,10215
2020-07-10,9515
2020-07-11,9775
2020-07-12,9293
2020-07-13,9875
2020-07-14,10980
2020-07-15,10561
2020-07-16,10170
2020-07-17,9896
2020-07-18,9839
2020-07-19,9174
2020-07-20,9820
2020-07-21,10818
2020-07-22,10297
2020-07-23,9999
2020-07-24,9000
2020-07-25,10166
2020-07-26,9124
2020-07-27,10212
2020-07-28,10960
2020-07-29,10669
2020-07-30,10233
2020-07-31,9751
2020-08-01,9869
2020-08-02,9582
2020-08-03,10347
2020-08-04,11141
2020-08-05,10882
2020-08-06,10418
2020-08-07,9769
2020-08-08,9845
2020-08-09,9393
2020-08-10,10256
2020-08-11,11020
2020-08-12,10855
2020-08-13,10452
2020-08-14,9867
2020-08-15,9938
2020-08-16,9518
2020-08-17,10467
2020-08-18,11224
2020-08-19,10437
2020-08-20,10105
2020-08-21,9709
2020-08-22,9703
2020-08-23,9721
2020-08-24,10522
2020-08-25,11241
2020-08-26,12276
2020-08-27,10360
2020-08-28,9972
2020-08-29,9810
2020-08-30,26174
2020-08-31,9955
2020-09-01,11194
2020-09-02,11659
2020-09-03,10690
2020-09-04,9872
2020-09-05,9190
2020-09-06,10700
2020-09-07,9474
2020-09-08,10466
2020-09-09,11250
2020-09-10,10979
2020-09-11,10340
2020-09-12,9953
2020-09-13,10399
2020-09-14,9989
2020-09-15,10941
2020-09-16,10815
2020-09-17,9799
2020-09-18,9558
2020-09-19,9800
2020-09-20,21823
2020-09-21,9876
2020-09-22,10935
2020-09-23,10967
2020-09-24,9807
2020-09-25,9546
2020-09-26,9441
2020-09-27,9510
2020-09-28,9490
2020-09-29,11050
2020-09-30,10638
2020-10-01,9924
2020-10-02,9800
2020-10-03,9637
2020-10-04,8694
2020-10-05,9332
2020-10-06,10892
2020-10-07,10565
2020-10-08,9706
2020-10-09,9272
2020-10-10,8723
2020-10-11,19430
2020-10-12,9268
2020-10-13,10174
2020-10-14,10920
2020-10-15,9778
2020-10-16,9332
2020-10-17,9728
2020-10-18,9316
2020-10-19,9610
2020-10-20,10726
2020-10-21,10738
2020-10-22,9600
2020-10-23,9234
2020-10-24,9446
2020-10-25,8897
2020-10-26,9708
2020-10-27,10850
2020-10-28,10571
2020-10-29,9812
2020-10-30,9304
2020-10-31,8627
2020-11-01,14594
2020-11-02,10519
2020-11-03,10938
2020-11-04,9310
2020-11-05,8853
2020-11-06,8705
2020-11-07,9273
2020-11-08,8154
2020-11-09,8545
2020-11-10,11536
2020-11-11,10318
2020-11-12,9180
2020-11-13,9842
2020-11-14,10065
2020-11-15,9426
2020-11-16,9926
2020-11-17,10584
2020-11-18,10642
2020-11-19,9772
2020-11-20,9343
2020-11-21,9396
2020-11-22,10795
2020-11-23,9672
2020-11-24,9893
2020-11-25,10689
2020-11-26,8980
2020-11-27,6643
2020-11-28,9476
2020-11-29,9551
2020-11-30,9462
2020-12-01,11249
2020-12-02,11612
2020-12-03,10047
2020-12-04,9217
2020-12-05,9797
2020-12-06,10024
2020-12-07,9864
2020-12-08,10585
2020-12-09,10568
2020-12-10,9480
2020-12-11,8851
2020-12-12,9251
2020-12-13,9385
2020-12-14,9646
2020-12-15,9842
2020-12-16,10330
2020-12-17,9313
2020-12-18,8526
2020-12-19,9369
2020-12-20,9270
2020-12-21,9428
2020-12-22,10405
2020-12-23,9506
2020-12-24,9716
2020-12-25,7550
2020-12-26,7991
2020-12-27,10001
2020-12-28,10599
2020-12-29,11409
2020-12-30,10620
2020-12-31,11082
2021-01-01,8971
2021-01-02,10374
2021-01-03,11208
2021-01-04,11595
2021-01-05,11830
2021-01-06,11709
2021-01-07,9447
2021-01-08,9608
2021-01-09,9947
2021-01-10,10310
2021-01-11,10616
2021-01-12,11486
2021-01-13,10620
2021-01-14,10645
2021-01-15,10052
2021-01-16,9675
2021-01-17,11229
2021-01-18,10500
2021-01-19,11103
2021-01-20,10750
2021-01-21,9935
2021-01-22,10238
2021-01-23,10265
2021-01-24,10377
2021-01-25,11037
2021-01-26,11381
2021-01-27,11315
2021-01-28,10488
2021-01-29,10363
2021-01-30,10528
2021-01-31,10756
2021-02-01,11051
2021-02-02,11620
2021-02-03,11515
2021-02-04,11319
2021-02-05,10428
2021-02-06,9922
2021-02-07,10439
2021-02-08,10260
2021-02-09,11665
2021-02-10,10736
2021-02-11,10626
2021-02-12,10033
2021-02-13,9174
2021-02-14,10526
2021-02-15,9738
2021-02-16,10888
2021-02-17,11453
2021-02-18,10204
2021-02-19,10102
2021-02-20,10063
2021-02-21,10143
2021-02-22,10700
2021-02-23,11786
2021-02-24,11071
2021-02-25,10509
2021-02-26,9903
2021-02-27,9811
2021-02-28,10512
2021-03-01,10905
2021-03-02,11936
2021-03-03,11065
2021-03-04,10769
2021-03-05,10211
2021-03-06,9419
2021-03-07,11733
2021-03-08,10709
2021-03-09,11220
2021-03-10,8977
2021-03-11,10692
2021-03-12,9771
2021-03-13,10018
2021-03-14,9948
2021-03-15,10372
2021-03-16,11083
2021-03-17,11180
2021-03-18,9912
2021-03-19,9936
2021-03-20,9830
2021-03-21,9203
2021-03-22,10204
2021-03-23,11416
2021-03-24,10616
2021-03-25,10659
2021-03-26,10001
2021-03-27,9754
2021-03-28,8573
2021-03-29,11482
2021-03-30,11411
2021-03-31,10965
2021-04-01,10216
2021-04-02,10348
2021-04-03,9940
2021-04-04,9303
2021-04-05,9505
2021-04-06,11526
2021-04-07,10970
2021-04-08,10382
2021-04-09,9771
2021-04-10,9531
2021-04-11,9316
2021-04-12,10643
2021-04-13,11387
2021-04-14,10846
2021-04-15,10350
2021-04-16,9953
2021-04-17,9426
2021-04-18,10291
2021-04-19,9986
2021-04-20,9976
2021-04-21,10416
2021-04-22,9965
2021-04-23,10002
2021-04-24,9760
2021-04-25,9136
2021-04-26,10647
2021-04-27,11216
2021-04-28,10800
2021-04-29,10516
2021-04-30,9905
2021-05-01,9984
2021-05-02,9392
2021-05-03,10153
2021-05-04,11598
2021-05-05,11371
2021-05-06,10597
2021-05-07,9669
2021-05-08,9207
2021-05-09,9872
2021-05-10,9496
2021-05-11,11499
2021-05-12,11059
2021-05-13,10416
2021-05-14,9641
2021-05-15,9331
2021-05-16,8901
2021-05-17,9906
2021-05-18,11195
2021-05-19,10603
2021-05-20,10068
2021-05-21,9607
2021-05-22,9867
2021-05-23,8835
2021-05-24,9588
2021-05-25,11207
2021-05-26,10711
2021-05-27,10152
2021-05-28,9720
2021-05-29,9338
2021-05-30,9832
2021-05-31,9817
2021-06-01,10565
2021-06-02,11630
2021-06-03,10599
2021-06-04,10212
2021-06-05,10154
2021-06-06,9158
2021-06-07,9941
2021-06-08,11325
2021-06-09,10760
2021-06-10,10136
2021-06-11,9795
2021-06-12,9912
2021-06-13,9494
2021-06-14,9849
2021-06-15,12043
2021-06-16,11126
2021-06-17,10123
2021-06-18,9710
2021-06-19,9823
2021-06-20,9153
2021-06-21,9522
2021-06-22,10246
2021-06-23,11452
2021-06-24,10385
2021-06-25,10128
2021-06-26,10769
2021-06-27,9727
2021-06-28,9902
2021-06-29,11704
2021-06-30,11571
2021-07-01,10702
2021-07-02,10771
2021-07-03,10168
2021-07-04,10586
2021-07-05,8925
2021-07-06,10384
2021-07-07,12781
2021-07-08,10875
2021-07-09,10847
2021-07-10,9990
2021-07-11,9724
2021-07-12,9902
2021-07-13,12643
2021-07-14,11880
2021-07-15,11057
2021-07-16,9940
2021-07-17,191635
2021-07-18,9670
2021-07-19,10479
2021-07-20,12230
2021-07-21,11537
2021-07-22,10986
2021-07-23,9819
2021-07-24,9565
2021-07-25,9664
2021-07-26,10339
2021-07-27,11858
2021-07-28,11061
2021-07-29,10393
2021-07-30,10299
2021-07-31,10413
2021-08-01,9721
2021-08-02,10432
2021-08-03,12112
2021-08-04,11913
2021-08-05,10966
2021-08-06,10387
2021-08-07,10897
2021-08-08,9429
2021-08-09,10305
2021-08-10,12332
2021-08-11,11589
2021-08-12,10782
2021-08-13,10129
2021-08-14,10464
2021-08-15,10084
2021-08-16,10205
2021-08-17,12035
2021-08-18,11883
2021-08-19,11206
2021-08-20,10347
2021-08-21,10552
2021-08-22,9813
2021-08-23,11586
2021-09-01,3328
2021-09-02,17819
2021-09-03,10979
2021-09-04,10676
2021-09-05,10716
2021-09-06,9845
2021-09-07,10615
2021-09-08,12011
2021-09-09,10425
2021-09-10,9725
2021-09-11,9969
2021-09-12,7920
2021-09-13,8686
2021-09-14,11003
2021-09-15,10032
2021-09-16,10910
2021-09-17,10630
2021-09-18,9787
2021-09-19,10246
2021-09-20,9432
2021-09-21,11668
2021-09-22,11374
2021-09-23,10795
2021-09-24,10421
2021-09-25,9671
2021-09-26,9448
2021-09-27,9654
2021-09-28,12077
2021-09-29,11704
2021-09-30,11055
2021-10-01,9901
2021-10-02,10706
2021-10-03,8805
2021-10-04,9986
2021-10-05,12071
2021-10-06,11493
2021-10-07,10691
2021-10-08,10426
2021-10-09,9993
2021-10-10,10101
2021-10-11,9144
2021-10-12,10064
2021-10-13,11944
2021-10-14,11042
2021-10-15,10467
2021-10-16,10448
2021-10-17,9076
2021-10-18,9653
2021-10-19,12025
2021-10-20,11534
2021-10-21,11082
2021-10-22,10229
2021-10-23,10485
2021-10-24,8552
2021-10-25,9534
2021-10-26,12154
2021-10-27,12078
2021-10-28,10257
2021-10-29,10378
2021-10-30,9586
2021-10-31,9588
2021-11-01,9226
2021-11-02,12248
2021-11-03,11313
2021-11-04,10885
2021-11-05,10249
2021-11-06,10746
2021-11-07,9096
2021-11-08,9944
2021-11-09,11084
2021-11-10,12369
2021-11-11,10743
2021-11-12,8322
2021-11-13,10542
2021-11-14,9265
2021-11-15,9604
2021-11-16,12172
2021-11-17,11613
2021-11-18,10896
2021-11-19,9809
2021-11-20,10147
2021-11-21,9251
2021-11-22,9670
2021-11-23,10785
2021-11-24,11949
2021-11-25,9569
2021-11-26,6064
2021-11-27,9995
2021-11-28,9513
2021-11-29,10016
2021-11-30,11080
2021-12-01,11888
2021-12-02,10841
2021-12-03,9884
2021-12-04,10342
2021-12-05,9364
2021-12-06,9404
2021-12-07,11640
2021-12-08,11355
2021-12-09,10253
2021-12-10,10002
2021-12-11,10212
2021-12-12,9328
2021-12-13,9700
2021-12-14,10796
2021-12-15,11231
2021-12-16,10434
2021-12-17,9778
2021-12-18,10212
2021-12-19,9305
2021-12-20,9550
2021-12-21,11124
2021-12-22,10618
2021-12-23,10120
2021-12-24,9518
2021-12-25,8828
2021-12-26,7876
2021-12-27,9906
2021-12-28,12381
2021-12-29,11889
2021-12-30,11024
2021-12-31,10649
2022-01-01,10470
2022-01-02,10588
2022-01-03,11479
2022-01-04,13556
2022-01-05,12855
2022-01-06,11948
2022-01-07,11008
2022-01-08,10352
2022-01-09,10857
2022-01-10,11017
2022-01-11,13177
2022-01-12,11041
2022-01-13,11712
2022-01-14,10958
2022-01-15,10593
2022-01-16,11725
2022-01-17,10386
2022-01-18,11305
2022-01-19,12879
2022-01-20,11540
2022-01-21,11618
2022-01-22,11693
2022-01-23,10337
2022-01-24,10918
2022-01-25,12940
2022-01-26,12321
2022-01-27,12292
2022-01-28,11214
2022-01-29,11813
2022-01-30,10220
2022-01-31,10672
2022-02-01,12563
2022-02-02,12343
2022-02-03,11985
2022-02-04,11037
2022-02-05,10155
2022-02-06,10771
2022-02-07,10758
2022-02-08,12744
2022-02-09,12381
2022-02-10,11657
2022-02-11,11035
2022-02-12,11849
2022-02-13,10005
2022-02-14,10175
2022-02-15,11907
2022-02-16,12205
2022-02-17,11543
2022-02-18,11041
2022-02-19,10474
2022-02-20,10818
2022-02-21,10317
2022-02-22,10751
2022-02-23,13236
2022-02-24,11939
2022-02-25,10631
2022-02-26,10086
2022-02-27,10547
2022-02-28,10889
2022-03-01,13042
2022-03-02,12956
2022-03-03,12355
2022-03-04,10939
2022-03-05,11152
2022-03-06,10872
2022-03-07,10864
2022-03-08,12905
2022-03-09,12338
2022-03-10,11417
2022-03-11,10954
2022-03-12,10408
2022-03-13,11256
2022-03-14,10565
2022-03-15,12745
2022-03-16,11476
2022-03-17,11364
2022-03-18,10428
2022-03-19,10823
2022-03-20,10406
2022-03-21,10459
2022-03-22,12879
2022-03-23,12452
2022-03-24,11989
2022-03-25,10873
2022-03-26,11367
2022-03-27,10822
2022-03-28,8663
2022-03-29,12828
2022-03-30,12682
2022-03-31,12066
2022-04-01,11387
2022-04-02,10853
2022-04-03,10647
2022-04-04,10785
2022-04-05,12697
2022-04-06,12160
2022-04-07,11765
2022-04-08,10815
2022-04-09,11194
2022-04-10,10824
2022-04-11,10487
2022-04-12,12530
2022-04-13,12416
2022-04-14,12186
2022-04-15,11444
2022-04-16,9980
2022-04-17,10970
2022-04-18,9491
2022-04-19,10239
2022-04-20,12588
2022-04-21,11724
2022-04-22,10721
2022-04-23,10730
2022-04-24,10546
2022-04-25,10770
2022-04-26,13044
2022-04-27,12613
2022-04-28,12069
2022-04-29,10942
2022-04-30,10932
2022-05-01,10423
2022-05-02,10360
2022-05-03,12696
2022-05-04,12205
2022-05-05,11946
2022-05-06,10612
2022-05-07,10432
2022-05-08,10862
2022-05-09,10195
2022-05-10,12676
2022-05-11,12385
2022-05-12,11793
2022-05-13,10914
2022-05-14,11059
2022-05-15,9841
2022-05-16,10190
2022-05-17,12559
2022-05-18,12269
2022-05-19,11755
2022-05-20,10779
2022-05-21,11093
2022-05-22,10030
2022-05-23,10418
2022-05-24,12684
2022-05-25,12141
2022-05-26,11643
2022-05-27,10808
2022-05-28,14364
2022-05-29,11154
2022-05-30,9369
2022-05-31,10635
2022-06-01,13320
2022-06-02,12596
2022-06-03,11462
2022-06-04,11635
2022-06-05,10381
2022-06-06,10824
2022-06-07,12846
2022-06-08,12399
2022-06-09,11955
2022-06-10,11498
2022-06-11,11174
2022-06-12,10547
2022-06-13,10888
2022-06-14,12925
2022-06-15,12522
2022-06-16,11887
2022-06-17,10953
2022-06-18,10801
2022-06-19,10959
2022-06-20,10175
2022-06-21,11569
2022-06-22,13414
2022-06-23,12541
2022-06-24,11888
2022-06-25,11596
2022-06-26,10855
2022-06-27,11198
2022-06-28,13121
2022-06-29,12862
2022-06-30,13316
2022-07-01,11483
2022-07-02,11465
2022-07-03,12478
2022-07-04,9766
2022-07-05,10623
2022-07-06,14268
2022-07-07,13233
2022-07-08,12152
2022-07-09,11519
2022-07-10,11584
2022-07-11,12032
2022-07-12,13733
2022-07-13,12989
2022-07-14,12977
2022-07-15,11932
2022-07-16,12162
2022-07-17,11771
2022-07-18,11430
2022-07-19,13902
2022-07-20,13404
2022-07-21,12642
2022-07-22,11713
2022-07-23,11328
2022-07-24,11754
2022-07-25,11714
2022-07-26,14142
2022-07-27,13718
2022-07-28,13381
2022-07-29,12016
2022-07-30,12155
2022-07-31,11903
2022-08-01,12091
2022-08-02,14713
2022-08-03,13760
2022-08-04,13119
2022-08-05,11741
2022-08-06,12681
2022-08-07,12079
2022-08-08,12177
2022-08-09,13965
2022-08-10,13615
2022-08-11,13159
2022-08-12,12097
2022-08-13,12018
2022-08-14,11762
2022-08-15,11938
2022-08-16,14120
2022-08-17,13772
2022-08-18,13103
2022-08-19,12010
2022-08-20,12692
2022-08-21,11558
2022-08-22,12566
2022-08-23,14123
2022-08-24,13689
2022-08-25,13571
2022-08-26,12253
2022-08-27,12526
2022-08-28,11725
2022-08-29,12165
2022-08-30,14093
2022-08-31,13734
2022-09-01,13326
2022-09-02,11909
2022-09-03,11371
2022-09-04,12558
2022-09-05,11077
2022-09-06,13103
2022-09-07,14516
2022-09-08,13867
2022-09-09,12341
2022-09-10,12730
2022-09-11,11908
2022-09-12,12048
2022-09-13,14012
2022-09-14,13565
2022-09-15,13319
2022-09-16,12167
2022-09-17,12287
2022-09-18,11582
2022-09-19,12009
2022-09-20,14137
2022-09-21,14395
2022-09-22,13827
2022-09-23,12058
2022-09-24,10061
2022-09-25,12135
2022-09-26,12161
2022-09-27,14510
2022-09-28,13778
2022-09-29,13314
2022-09-30,12093
2022-10-01,12319
2022-10-02,11805
2022-10-03,12003
2022-10-04,14204
2022-10-05,12936
2022-10-06,13991
2022-10-07,12236
2022-10-08,11278
2022-10-09,12641
2022-10-10,11057
2022-10-11,11903
2022-10-12,13627
2022-10-13,12938
2022-10-14,12338
2022-10-15,12450
2022-10-16,11500
2022-10-17,11878
2022-10-18,13382
2022-10-19,14085
2022-10-20,13674
2022-10-21,11954
2022-10-22,12323
2022-10-23,11053
2022-10-24,12138
2022-10-25,14170
2022-10-26,13754
2022-10-27,13482
2022-10-28,12040
2022-10-29,11242
2022-10-30,11856
2022-10-31,11416
2022-11-01,12813
2022-11-02,13427
2022-11-03,13411
2022-11-04,11686
2022-11-05,12535
2022-11-06,12007
2022-11-07,12490
2022-11-08,15331
2022-11-09,12881
2022-11-10,13801
2022-11-11,12259
2022-11-12,10767
2022-11-13,12231
2022-11-14,12345
2022-11-15,14221
2022-11-16,13420
2022-11-17,13229
2022-11-18,12088
2022-11-19,12108
2022-11-20,11802
2022-11-21,11966
2022-11-22,12699
2022-11-23,14363
2022-11-24,11978
2022-11-25,7338
2022-11-26,16102
2022-11-27,12183
2022-11-28,12792
2022-11-29,14645
2022-11-30,13133
2022-12-01,14151
2022-12-02,12340
2022-12-03,13113
2022-12-04,11560
2022-12-05,12155
2022-12-06,13976
2022-12-07,13553
2022-12-08,13117
2022-12-09,11755
2022-12-10,12295
2022-12-11,11568
2022-12-12,11994
2022-12-13,12733
2022-12-14,13362
2022-12-15,12475
2022-12-16,11691
2022-12-17,12237
2022-12-18,11731
2022-12-19,11616
2022-12-20,13817
2022-12-21,12946
2022-12-22,13133
2022-12-23,11457
2022-12-24,10748
2022-12-25,10820
2022-12-26,9232
2022-12-27,12295
2022-12-28,14292
2022-12-29,13746
2022-12-30,12852
2022-12-31,12584
2023-01-01,13207
2023-01-02,13447
2023-01-03,13515
2023-01-04,15535
2023-01-05,15251
2023-01-06,14293
2023-01-07,14610
2023-01-08,14043
2023-01-09,14324
2023-01-10,15834
2023-01-11,15816
2023-01-13,13895
2023-01-14,13576
2023-01-15,14244
2023-01-16,13537
2023-01-17,13773
2023-01-18,16061
2023-01-19,15354
2023-01-20,13972
2023-01-21,13234
2023-01-22,14268
2023-01-23,13881
2023-01-24,14760
2023-01-25,14907
2023-01-26,15050
2023-01-27,13794
2023-01-28,14358
2023-01-29,14278
2023-01-30,14140
2023-01-31,15597
2023-02-01,15567
2023-02-02,14973
2023-02-03,14049
2023-02-04,12585
2023-02-05,13271
2023-02-06,13324
2023-02-07,16094
2023-02-08,15212
2023-02-09,14874
2023-02-10,13188
2023-02-11,13357
2023-02-12,13584
2023-02-13,12882
2023-02-14,15397
2023-02-15,14066
2023-02-16,15205
2023-02-17,13686
2023-02-18,15235
2023-02-19,13805
2023-02-20,13780
2023-02-21,13283
2023-02-22,15149
2023-02-23,14748
2023-02-24,13067
2023-02-25,13730
2023-02-26,13818
2023-02-27,14629
2023-02-28,16194
2023-03-01,15414
2023-03-02,15458
2023-03-03,14158
2023-03-04,14348
2023-03-05,13690
2023-03-06,13667
2023-03-07,16051
2023-03-08,15158
2023-03-09,15255
2023-03-10,13442
2023-03-11,14239
2023-03-12,14057
2023-03-13,13298
2023-03-14,15039
2023-03-15,14826
2023-03-16,15018
2023-03-17,13763
2023-03-18,14310
2023-03-19,12939
2023-03-20,13887
2023-03-21,15717
2023-03-22,15809
2023-03-23,14836
2023-03-24,13896
2023-03-25,14532
2023-03-26,13631
2023-03-27,13973
2023-03-28,15770
2023-03-29,15007
2023-03-30,15089
2023-03-31,13554
2023-04-01,14038
2023-04-02,11595
2023-04-03,14065
2023-04-04,15596
2023-04-05,14924
2023-04-06,14664
2023-04-07,13602
2023-04-08,13654
2023-04-09,12840
2023-04-10,11905
2023-04-11,15532
2023-04-12,15146
2023-04-13,14700
2023-04-14,12608
2023-04-15,12143
2023-04-17,10510
2023-04-18,12835
2023-04-19,15190
2023-04-20,14394
2023-04-21,12598
2023-04-22,13581
2023-04-23,12898
2023-04-24,13957
2023-04-25,15633
2023-04-26,15499
2023-04-27,14661
2023-04-28,13083
2023-04-29,14067
2023-04-30,13324
2023-05-01,13835
2023-05-02,15337
2023-05-03,15423
2023-05-04,14517
2023-05-05,12929
2023-05-06,12180
2023-05-07,12315
2023-05-08,12418
2023-05-09,15245
2023-05-10,14687
2023-05-11,13870
2023-05-12,12434
2023-05-13,13849
2023-05-14,12296
2023-05-15,12276
2023-05-16,15084
2023-05-17,14677
2023-05-18,14532
2023-05-19,12846
2023-05-20,13435
2023-05-21,12544
2023-05-22,12282
2023-05-23,15286
2023-05-24,14890
2023-05-25,18227
2023-05-26,13089
2023-05-27,12377
2023-05-28,13038
2023-05-29,11191
2023-05-30,13098
2023-05-31,15777
2023-06-01,14839
2023-06-02,13892
2023-06-03,13971
2023-06-04,13523
2023-06-05,13837
2023-06-06,15480
2023-06-07,15223
2023-06-08,14736
2023-06-09,14348
2023-06-10,14006
2023-06-11,12872
2023-06-12,13366
2023-06-13,15646
2023-06-14,15514
2023-06-15,15114
2023-06-16,13283
2023-06-17,14585
2023-06-18,14502
2023-06-19,13108
2023-06-20,14482
2023-06-21,16010
2023-06-22,15577
2023-06-23,14936
2023-06-24,14905
2023-06-25,14135
2023-06-26,13811
2023-06-27,16426
2023-06-28,16561
2023-06-29,15661
2023-06-30,14138
2023-07-01,14941
2023-07-02,12974
2023-07-03,14744
2023-07-04,15256
2023-07-05,13330
2023-07-06,16148
2023-07-07,15078
2023-07-08,14666
2023-07-09,14498
2023-07-10,14809
2023-07-11,16761
2023-07-12,16126
2023-07-13,16072
2023-07-14,14620
2023-07-15,15258
2023-07-16,14246
2023-07-17,13632
2023-07-18,16733
2023-07-19,16016
2023-07-20,16117
2023-07-21,13907
2023-07-22,15234
2023-07-23,12969
2023-07-24,14520
2023-07-25,16648
2023-07-26,15878
2023-07-27,15892
2023-07-28,14325
2023-07-29,15076
2023-07-30,14567
2023-07-31,14206
2023-08-01,16877
2023-08-02,15982
2023-08-03,16067
2023-08-04,14904
2023-08-05,15005
2023-08-06,14054
2023-08-07,14088
2023-08-08,17074
2023-08-09,16052
2023-08-10,16050
2023-08-11,14345
2023-08-12,14749
2023-08-13,13527
2023-08-14,14613
2023-08-15,16547
2023-08-16,15779
2023-08-17,15875
2023-08-18,15482
2023-08-19,15208
2023-08-20,14549
2023-08-21,14228
2023-08-22,17028
2023-08-23,16255
2023-08-24,16094
2023-08-25,14160
2023-08-26,15169
2023-08-27,14069
2023-08-28,14141
2023-08-29,16691
2023-08-30,16107
2023-08-31,15754
2023-09-01,14637
2023-09-02,14057
2023-09-03,15095
2023-09-04,13146
2023-09-05,14504
2023-09-06,16994
2023-09-07,16537
2023-09-08,14607
2023-09-09,15355
2023-09-10,14637
2023-09-11,15183
2023-09-12,17000
2023-09-13,16613
2023-09-14,16146
2023-09-15,15146
2023-09-16,14984
2023-09-17,14668
2023-09-18,14444
2023-09-19,16626
2023-09-20,16441
2023-09-21,16014
2023-09-22,14966
2023-09-23,14191
2023-09-24,14896
2023-09-25,13657
2023-09-26,16737
2023-09-27,16585
2023-09-28,16317
2023-09-29,14640
2023-09-30,15812
2023-10-01,14619
2023-10-02,14551
2023-10-03,17270
2023-10-04,16428
2023-10-05,16323
2023-10-06,14875
2023-10-07,14032
2023-10-08,15757
2023-10-09,13735
2023-10-10,14298
2023-10-11,16606
2023-10-12,16011
2023-10-13,14531
2023-10-14,14590
2023-10-15,14343
2023-10-16,14152
2023-10-17,16935
2023-10-18,16489
2023-10-19,17276
2023-10-20,14801
2023-10-21,15089
2023-10-22,14898
2023-10-23,14734
2023-10-24,16927
2023-10-25,16980
2023-10-26,16840
2023-10-27,14609
2023-10-28,13572
2023-10-29,14119
2023-10-30,15102
2023-10-31,16849
2023-11-01,15551
2023-11-02,17329
2023-11-03,14821
2023-11-04,15321
2023-11-05,14771
2023-11-06,15375
2023-11-07,17356
2023-11-08,16962
2023-11-09,15768
2023-11-10,14554
2023-11-11,16204
2023-11-12,12542
2023-11-13,14785
2023-11-14,17316
2023-11-15,16626
2023-11-16,16848
2023-11-17,15325
2023-11-18,14773
2023-11-19,14888
2023-11-20,14847
2023-11-21,16231
2023-11-22,18348
2023-11-23,15235
2023-11-24,9560
2023-11-25,14502
2023-11-26,15047
2023-11-27,15887
2023-11-28,18031
2023-11-29,17873
2023-11-30,16127
2023-12-01,15290
2023-12-02,16306
2023-12-03,14946
2023-12-04,14651
2023-12-05,17390
2023-12-06,16695
2023-12-07,16331
2023-12-08,14401
2023-12-09,15795
2023-12-10,14751
2023-12-11,14983
