timestamp,usage
2017-01-19,33772
2017-01-20,35078
2017-01-21,36895
2017-01-22,23685
2017-01-23,12604
2017-01-24,43335
2017-01-25,27558
2017-01-26,30924
2017-01-27,48447
2017-01-28,38310
2017-01-29,26816
2017-01-30,38175
2017-01-31,35357
2017-02-01,12712
2017-02-02,36143
2017-02-03,34090
2017-02-04,26629
2017-02-05,13033
2017-02-06,27913
2017-02-07,21946
2017-02-08,16649
2017-02-09,30556
2017-02-10,47090
2017-02-11,29006
2017-02-12,13930
2017-02-13,21432
2017-02-14,30230
2017-02-15,48018
2017-02-16,42652
2017-02-17,38465
2017-02-18,30187
2017-02-19,16539
2017-02-20,35515
2017-02-21,48654
2017-02-22,33674
2017-02-23,42407
2017-02-24,39363
2017-02-25,24106
2017-02-26,15548
2017-02-27,44575
2017-02-28,43210
2017-03-01,10998
2017-03-02,22136
2017-03-03,49623
2017-03-04,40212
2017-03-05,15042
2017-03-06,30497
2017-03-07,44891
2017-03-08,46396
2017-03-09,26949
2017-03-10,39652
2017-03-11,30692
2017-03-12,32797
2017-03-13,30558
2017-03-14,16927
2017-03-15,25762
2017-03-16,35038
2017-03-17,47495
2017-03-18,22305
2017-03-19,43475
2017-03-20,27602
2017-03-21,17287
2017-03-22,15835
2017-03-23,23158
2017-03-24,38032
2017-03-25,16138
2017-03-26,31965
2017-03-27,14312
2017-03-28,32006
2017-03-29,41559
2017-03-30,27861
2017-03-31,10094
2017-04-01,30110
2017-04-02,29909
2017-04-03,18061
2017-04-04,19630
2017-04-05,19323
2017-04-06,40061
2017-04-07,41089
2017-04-08,38400
2017-04-09,37346
2017-04-10,34951
2017-04-11,47647
2017-04-12,44097
2017-04-13,46602
2017-04-14,30258
2017-04-15,18524
2017-04-16,30237
2017-04-17,48603
2017-04-18,17443
2017-04-19,17015
2017-04-20,10978
2017-04-21,12079
2017-04-22,41850
2017-04-23,29459
2017-04-24,35599
2017-04-25,37817
2017-04-26,43386
2017-04-27,11274
2017-04-28,34654
2017-04-29,28274
2017-04-30,12173
2017-05-01,25060
2017-05-02,44294
2017-05-03,24758
2017-05-04,32074
2017-05-05,47841
2017-05-06,34933
2017-05-07,46387
2017-05-08,13432
2017-05-09,17277
2017-05-10,48698
2017-05-11,10149
2017-05-12,31331
2017-05-13,41698
2017-05-14,17266
2017-05-15,28069
2017-05-16,39105
2017-05-17,26746
2017-05-18,38363
2017-05-19,32938
2017-05-20,47163
2017-05-21,47985
2017-05-22,42321
2017-05-23,34130
2017-05-24,10134
2017-05-25,27420
2017-05-26,29661
2017-05-27,34365
2017-05-28,11660
2017-05-29,25166
2017-05-30,20167
2017-05-31,28246
2017-06-01,17558
2017-06-02,23161
2017-06-03,40866
2017-06-04,11157
2017-06-05,10264
2017-06-06,15652
2017-06-07,39627
2017-06-08,41943
2017-06-09,25257
2017-06-10,41129
2017-06-11,39407
2017-06-12,26864
2017-06-13,46732
2017-06-14,30532
2017-06-15,35310
2017-06-16,29569
2017-06-17,20377
2017-06-18,27822
2017-06-19,21857
2017-06-20,27790
2017-06-21,18456
2017-06-22,35821
2017-06-23,46458
2017-06-24,45377
2017-06-25,48487
2017-06-26,17973
2017-06-27,23248
2017-06-28,36484
2017-06-29,31788
2017-06-30,20224
2017-07-01,40431
2017-07-02,41564
2017-07-03,18026
2017-07-04,38392
2017-07-05,20173
2017-07-06,10598
2017-07-07,37960
2017-07-08,42870
2017-07-09,41430
2017-07-10,12310
2017-07-11,23137
2017-07-12,31138
2017-07-13,11520
2017-07-14,17718
2017-07-15,27411
2017-07-16,47708
2017-07-17,29149
2017-07-18,32567
2017-07-19,40896
2017-07-20,40906
2017-07-21,20993
2017-07-22,31557
2017-07-23,20831
2017-07-24,22600
2017-07-25,41313
2017-07-26,13304
2017-07-27,20291
2017-07-28,40758
2017-07-29,29891
2017-07-30,11680
2017-07-31,41753
2017-08-01,47025
2017-08-02,31273
2017-08-03,46373
2017-08-04,49129
2017-08-05,38064
2017-08-06,31960
2017-08-07,10796
2017-08-08,41945
2017-08-09,10432
2017-08-10,42774
2017-08-11,46345
2017-08-12,36684
2017-08-13,26679
2017-08-14,40126
2017-08-15,24916
2017-08-16,22652
2017-08-17,40394
2017-08-18,11352
2017-08-19,47303
2017-08-20,26651
2017-08-21,33772
2017-08-22,13277
2017-08-23,48428
2017-08-24,12132
2017-08-25,39385
2017-08-26,25053
2017-08-27,29986
2017-08-28,26824
2017-08-29,41125
2017-08-30,37613
2017-08-31,42654
2017-09-01,20971
2017-09-02,39910
2017-09-03,48157
2017-09-04,46286
2017-09-05,31344
2017-09-06,15129
2017-09-07,26364
2017-09-08,36559
2017-09-09,16390
2017-09-10,45726
2017-09-11,19361
2017-09-12,15707
2017-09-13,48013
2017-09-14,40775
2017-09-15,42315
2017-09-16,22113
2017-09-17,19531
2017-09-18,32161
2017-09-19,12182
2017-09-20,37843
2017-09-21,14809
2017-09-22,20663
2017-09-23,40205
2017-09-24,11455
2017-09-25,44877
2017-09-26,16272
2017-09-27,36746
2017-09-28,11520
2017-09-29,36923
2017-09-30,44829
2017-10-01,21113
2017-10-02,13902
2017-10-03,13806
2017-10-04,45188
2017-10-05,16793
2017-10-06,44434
2017-10-07,32800
2017-10-08,42209
2017-10-09,17432
2017-10-10,44166
2017-10-11,13945
2017-10-12,21928
2017-10-13,20183
2017-10-14,43897
2017-10-15,45924
2017-10-16,34670
2017-10-17,13603
2017-10-18,38992
2017-10-19,30980
2017-10-20,27660
2017-10-21,16334
2017-10-22,32719
2017-10-23,29235
2017-10-24,28240
2017-10-25,15555
2017-10-26,21433
2017-10-27,18280
2017-10-28,32420
2017-10-29,15409
2017-10-30,36923
2017-10-31,17169
2017-11-01,43042
2017-11-02,15587
2017-11-03,25896
2017-11-04,47211
2017-11-05,13592
2017-11-06,47105
2017-11-07,44973
2017-11-08,19097
2017-11-09,38516
2017-11-10,28362
2017-11-11,15017
2017-11-12,36973
2017-11-13,47309
2017-11-14,43165
2017-11-15,33531
2017-11-16,35428
2017-11-17,24367
2017-11-18,10990
2017-11-19,44506
2017-11-20,15886
2017-11-21,32302
2017-11-22,47333
2017-11-23,27812
2017-11-24,19318
2017-11-25,14237
2017-11-26,19832
2017-11-27,19903
2017-11-28,49705
2017-11-29,33906
2017-11-30,34721
2017-12-01,31055
2017-12-02,34716
2017-12-03,22137
2017-12-04,24754
2017-12-05,32757
2017-12-06,11493
2017-12-07,34851
2017-12-08,44753
2017-12-09,47840
2017-12-10,46939
2017-12-11,20463
2017-12-12,26548
2017-12-13,31710
2017-12-14,46098
2017-12-15,25288
2017-12-16,36540
2017-12-17,16045
2017-12-18,30672
2017-12-19,42074
2017-12-20,22503
2017-12-21,16546
2017-12-22,40553
2017-12-23,28094
2017-12-24,18957
2017-12-25,23602
2017-12-26,44699
2017-12-27,19016
2017-12-28,32853
2017-12-29,18998
2017-12-30,40405
2017-12-31,35320
2018-01-01,38763
2018-01-02,49616
2018-01-03,43798
2018-01-04,33469
2018-01-05,33938
2018-01-06,27220
2018-01-07,18924
2018-01-08,22243
2018-01-09,36888
2018-01-10,40539
2018-01-11,26286
2018-01-12,22730
2018-01-13,30314
2018-01-14,39575
2018-01-15,20055
2018-01-16,28775
2018-01-17,13374
2018-01-18,36029
2018-01-19,12636
2018-01-20,29202
2018-01-21,23762
2018-01-22,18849
2018-01-23,42389
2018-01-24,38769
2018-01-25,19485
2018-01-26,27096
2018-01-27,20557
2018-01-28,15414
2018-01-29,20091
2018-01-30,36035
2018-01-31,30131
2018-02-01,30190
2018-02-02,25160
2018-02-03,44479
2018-02-04,10949
2018-02-05,20735
2018-02-06,47358
2018-02-07,44190
2018-02-08,33313
2018-02-09,22169
2018-02-10,34648
2018-02-11,40248
2018-02-12,39283
2018-02-13,24626
2018-02-14,41581
2018-02-15,41937
2018-02-16,16855
2018-02-17,35282
2018-02-18,48683
2018-02-19,20092
2018-02-20,46482
2018-02-21,27158
2018-02-22,27026
2018-02-23,10010
2018-02-24,33047
2018-02-25,14346
2018-02-26,25987
2018-02-27,46752
2018-02-28,33030
2018-03-01,21499
2018-03-02,46036
2018-03-03,36661
2018-03-04,34583
2018-03-05,44195
2018-03-06,36725
2018-03-07,20059
2018-03-08,32990
2018-03-09,23580
2018-03-10,47516
2018-03-11,46448
2018-03-12,34465
2018-03-13,25508
2018-03-14,39427
2018-03-15,19283
2018-03-16,20042
2018-03-17,21502
2018-03-18,26706
2018-03-19,18378
2018-03-20,17294
2018-03-21,34712
2018-03-22,38715
2018-03-23,33050
2018-03-24,11611
2018-03-25,23480
2018-03-26,46329
2018-03-27,12541
2018-03-28,27964
2018-03-29,43550
2018-03-30,33458
2018-03-31,14313
2018-04-01,22368
2018-04-02,24735
2018-04-03,28165
2018-04-04,12497
2018-04-05,13774
2018-04-06,33441
2018-04-07,20357
2018-04-08,46333
2018-04-09,38630
2018-04-10,38920
2018-04-11,29205
2018-04-12,24337
2018-04-13,13521
2018-04-14,24744
2018-04-15,21125
2018-04-16,45279
2018-04-17,32265
2018-04-18,44051
2018-04-19,13865
2018-04-20,31767
2018-04-21,45654
2018-04-22,35470
2018-04-23,41615
2018-04-24,13365
2018-04-25,46013
2018-04-26,46029
2018-04-27,40214
2018-04-28,48607
2018-04-29,28580
2018-04-30,39650
2018-05-01,20527
2018-05-02,34585
2018-05-03,11779
2018-05-04,15493
2018-05-05,30701
2018-05-06,39811
2018-05-07,10251
2018-05-08,38538
2018-05-09,43623
2018-05-10,19094
2018-05-11,25379
2018-05-12,17201
2018-05-13,43664
2018-05-14,10691
2018-05-15,47664
2018-05-16,29288
2018-05-17,27500
2018-05-18,45888
2018-05-19,39852
2018-05-20,48519
2018-05-21,27983
2018-05-22,11821
2018-05-23,21489
2018-05-24,22498
2018-05-25,27164
2018-05-26,26897
2018-05-27,47109
2018-05-28,24829
2018-05-29,11193
2018-05-30,36247
2018-05-31,43851
2018-06-01,42960
2018-06-02,30457
2018-06-03,17498
2018-06-04,20183
2018-06-05,29818
2018-06-06,34766
2018-06-07,11858
2018-06-08,43365
2018-06-09,30480
2018-06-10,17873
2018-06-11,13470
2018-06-12,47342
2018-06-13,40956
2018-06-14,22462
2018-06-15,25376
2018-06-16,10747
2018-06-17,26443
2018-06-18,31974
2018-06-19,15374
2018-06-20,11560
2018-06-21,47726
2018-06-22,27825
2018-06-23,49604
2018-06-24,19785
2018-06-25,17863
2018-06-26,10755
2018-06-27,38729
2018-06-28,33962
2018-06-29,10403
2018-06-30,31003
2018-07-01,35286
2018-07-02,48088
2018-07-03,16702
2018-07-04,37186
2018-07-05,42437
2018-07-06,43576
2018-07-07,10473
2018-07-08,42067
2018-07-09,16060
2018-07-10,33746
2018-07-11,37185
2018-07-12,18850
2018-07-13,41746
2018-07-14,15304
2018-07-15,25800
2018-07-16,16883
2018-07-17,48964
2018-07-18,34067
2018-07-19,34666
2018-07-20,20068
2018-07-21,32945
2018-07-22,47606
2018-07-23,13457
2018-07-24,33507
2018-07-25,44637
2018-07-26,36348
2018-07-27,11399
2018-07-28,43095
2018-07-29,30281
2018-07-30,43422
2018-07-31,17068
2018-08-01,42547
2018-08-02,20639
2018-08-03,44477
2018-08-04,31136
2018-08-05,17131
2018-08-06,25541
2018-08-07,21254
2018-08-08,18162
2018-08-09,40664
2018-08-10,34443
2018-08-11,32110
2018-08-12,34450
2018-08-13,18655
2018-08-14,12823
2018-08-15,23857
2018-08-16,22394
2018-08-17,33105
2018-08-18,41481
2018-08-19,20956
2018-08-20,33944
2018-08-21,32246
2018-08-22,21888
2018-08-23,32795
2018-08-24,31647
2018-08-25,44756
2018-08-26,14815
2018-08-27,37341
2018-08-28,39702
2018-08-29,35292
2018-08-30,24702
2018-08-31,44516
2018-09-01,25145
2018-09-02,19201
2018-09-03,38103
2018-09-04,49758
2018-09-05,18393
2018-09-06,19887
2018-09-07,46309
2018-09-08,30740
2018-09-09,27083
2018-09-10,49691
2018-09-11,19036
2018-09-12,26528
2018-09-13,15407
2018-09-14,37908
2018-09-15,43710
2018-09-16,14666
2018-09-17,11447
2018-09-18,15738
2018-09-19,22992
2018-09-20,49493
2018-09-21,47345
2018-09-22,28905
2018-09-23,44901
2018-09-24,11367
2018-09-25,28291
2018-09-26,29340
2018-09-27,19308
2018-09-28,36522
2018-09-29,24369
2018-09-30,24245
2018-10-01,44490
2018-10-02,22762
2018-10-03,47070
2018-10-04,45998
2018-10-05,24067
2018-10-06,42559
2018-10-07,45013
2018-10-08,27179
2018-10-09,31343
2018-10-10,49585
2018-10-11,14074
2018-10-12,32144
2018-10-13,20594
2018-10-14,25980
2018-10-15,47621
2018-10-16,22437
2018-10-17,22880
2018-10-18,36848
2018-10-19,21734
2018-10-20,38521
2018-10-21,19602
2018-10-22,47776
2018-10-23,32943
2018-10-24,46088
2018-10-25,37859
2018-10-26,13653
2018-10-27,10058
2018-10-28,47822
2018-10-29,38856
2018-10-30,25884
2018-10-31,23200
2018-11-01,26765
2018-11-02,23344
2018-11-03,46180
2018-11-04,17986
2018-11-05,10353
2018-11-06,34223
2018-11-07,29589
2018-11-08,44742
2018-11-09,48105
2018-11-10,46733
2018-11-11,21433
2018-11-12,38900
2018-11-13,27390
2018-11-14,19188
2018-11-15,40173
2018-11-16,38337
2018-11-17,20711
2018-11-18,37188
2018-11-19,18064
2018-11-20,11823
2018-11-21,26200
2018-11-22,45661
2018-11-23,45425
2018-11-24,45224
2018-11-25,11494
2018-11-26,18900
2018-11-27,11595
2018-11-28,27670
2018-11-29,23725
2018-11-30,23344
2018-12-01,23199
2018-12-02,42901
2018-12-03,21368
2018-12-04,27085
2018-12-05,11639
2018-12-06,33463
2018-12-07,37659
2018-12-08,27337
2018-12-09,41449
2018-12-10,41270
2018-12-11,26884
2018-12-12,36031
2018-12-13,29729
2018-12-14,24895
2018-12-15,23806
2018-12-16,39685
2018-12-17,38360
2018-12-18,12967
2018-12-19,24040
2018-12-20,13822
2018-12-21,33977
2018-12-22,13335
2018-12-23,38001
2018-12-24,49179
2018-12-25,11387
2018-12-26,47780
2018-12-27,47163
2018-12-28,42390
2018-12-29,14569
2018-12-30,34032
2018-12-31,42349
2019-01-01,44504
2019-01-02,47253
2019-01-03,44008
2019-01-04,30653
2019-01-05,37987
2019-01-06,29767
2019-01-07,37055
2019-01-08,43280
2019-01-09,38753
2019-01-10,23502
2019-01-11,15101
2019-01-12,47933
2019-01-13,11069
2019-01-14,35053
2019-01-15,28235
2019-01-16,41793
2019-01-17,32302
2019-01-18,23819
2019-01-19,23965
2019-01-20,31651
2019-01-21,36516
2019-01-22,36778
2019-01-23,42463
2019-01-24,12614
2019-01-25,12885
2019-01-26,44187
2019-01-27,45961
2019-01-28,33639
2019-01-29,49377
2019-01-30,18823
2019-01-31,42386
2019-02-01,31756
2019-02-02,30667
2019-02-03,48142
2019-02-04,32413
2019-02-05,42059
2019-02-06,19865
2019-02-07,14197
2019-02-08,21976
2019-02-09,32440
2019-02-10,44323
2019-02-11,19402
2019-02-12,22317
2019-02-13,36121
2019-02-14,27889
2019-02-15,21005
2019-02-16,34301
2019-02-17,23509
2019-02-18,21696
2019-02-19,14917
2019-02-20,16999
2019-02-21,24907
2019-02-22,10303
2019-02-23,48097
2019-02-24,45897
2019-02-25,15003
2019-02-26,28360
2019-02-27,13050
2019-02-28,16467
2019-03-01,10959
2019-03-02,28206
2019-03-03,20389
2019-03-04,15254
2019-03-05,21181
2019-03-06,27429
2019-03-07,17615
2019-03-08,13992
2019-03-09,16418
2019-03-10,17153
2019-03-11,21585
2019-03-12,40844
2019-03-13,49548
2019-03-14,21642
2019-03-15,20927
2019-03-16,35395
2019-03-17,21900
2019-03-18,26503
2019-03-19,30235
2019-03-20,29236
2019-03-21,12584
2019-03-22,34210
2019-03-23,15476
2019-03-24,48784
2019-03-25,20874
2019-03-26,34535
2019-03-27,43300
2019-03-28,13094
2019-03-29,38142
2019-03-30,42908
2019-03-31,10691
2019-04-01,47365
2019-04-02,33038
2019-04-03,29572
2019-04-04,27080
2019-04-05,28398
2019-04-06,44017
2019-04-07,45269
2019-04-08,11010
2019-04-09,21238
2019-04-10,14673
2019-04-11,11253
2019-04-12,35466
2019-04-13,36334
2019-04-14,17086
2019-04-15,19557
2019-04-16,19846
2019-04-17,43170
2019-04-18,42646
2019-04-19,18211
2019-04-20,45417
2019-04-21,18247
2019-04-22,38804
2019-04-23,31924
2019-04-24,43396
2019-04-25,20659
2019-04-26,18389
2019-04-27,33035
2019-04-28,22553
2019-04-29,37849
2019-04-30,35093
2019-05-01,14163
2019-05-02,12438
2019-05-03,35744
2019-05-04,31589
2019-05-05,22109
2019-05-06,39713
2019-05-07,13008
2019-05-08,36656
2019-05-09,27751
2019-05-10,13555
2019-05-11,31725
2019-05-12,22609
2019-05-13,44492
2019-05-14,27516
2019-05-15,37019
2019-05-16,37845
2019-05-17,23867
2019-05-18,45724
2019-05-19,38032
2019-05-20,49204
2019-05-21,49397
2019-05-22,38388
2019-05-23,49239
2019-05-24,40654
2019-05-25,13325
2019-05-26,16837
2019-05-27,39613
2019-05-28,10284
2019-05-29,46161
2019-05-30,32403
2019-05-31,44230
2019-06-01,41048
2019-06-02,36956
2019-06-03,30449
2019-06-04,26730
2019-06-05,10276
2019-06-06,27714
2019-06-07,43656
2019-06-08,18535
2019-06-09,36917
2019-06-10,40854
2019-06-11,25308
2019-06-12,34387
2019-06-13,49215
2019-06-14,43041
2019-06-15,22126
2019-06-16,46982
2019-06-17,44010
2019-06-18,44514
2019-06-19,40303
2019-06-20,22604
2019-06-21,39741
2019-06-22,29712
2019-06-23,18685
2019-06-24,10406
2019-06-25,34514
2019-06-26,44217
2019-06-27,38311
2019-06-28,48234
2019-06-29,48197
2019-06-30,39774
2019-07-01,39605
2019-07-02,37970
2019-07-03,46289
2019-07-04,45449
2019-07-05,25455
2019-07-06,10200
2019-07-07,41429
2019-07-08,34674
2019-07-09,30674
2019-07-10,42124
2019-07-11,26606
2019-07-12,42751
2019-07-13,42730
2019-07-14,16239
2019-07-15,34882
2019-07-16,11436
2019-07-17,41203
2019-07-18,14396
2019-07-19,22195
2019-07-20,47612
2019-07-21,35212
2019-07-22,38730
2019-07-23,42674
2019-07-24,26838
2019-07-25,42527
2019-07-26,19615
2019-07-27,47324
2019-07-28,28119
2019-07-29,13762
2019-07-30,17452
2019-07-31,17775
2019-08-01,27491
2019-08-02,46866
2019-08-03,38988
2019-08-04,47588
2019-08-05,49086
2019-08-06,31522
2019-08-07,22493
2019-08-08,19053
2019-08-09,33267
2019-08-10,49836
2019-08-11,37162
2019-08-12,12169
2019-08-13,10222
2019-08-14,40452
2019-08-15,18939
2019-08-16,33091
2019-08-17,15029
2019-08-18,18851
2019-08-19,43133
2019-08-20,20833
2019-08-21,48995
2019-08-22,20680
2019-08-23,12326
2019-08-24,29753
2019-08-25,20317
2019-08-26,24748
2019-08-27,37700
2019-08-28,38913
2019-08-29,45183
2019-08-30,49541
2019-08-31,22580
2019-09-01,19597
2019-09-02,47628
2019-09-03,36887
2019-09-04,33508
2019-09-05,39526
2019-09-06,40582
2019-09-07,14096
2019-09-08,24606
2019-09-09,40302
2019-09-10,24930
2019-09-11,12841
2019-09-12,23364
2019-09-13,48515
2019-09-14,47551
2019-09-15,11970
2019-09-16,32996
2019-09-17,25920
2019-09-18,23211
2019-09-19,32893
2019-09-20,40087
2019-09-21,15707
2019-09-22,49993
2019-09-23,37659
2019-09-24,24111
2019-09-25,43908
2019-09-26,32603
2019-09-27,13486
2019-09-28,11252
2019-09-29,47999
2019-09-30,13724
2019-10-01,39102
2019-10-02,31957
2019-10-03,45187
2019-10-04,46353
2019-10-05,43382
2019-10-06,22261
2019-10-07,16125
2019-10-08,12531
2019-10-09,30020
2019-10-10,43732
2019-10-11,32412
2019-10-12,46334
2019-10-13,33435
2019-10-14,24293
2019-10-15,25830
2019-10-16,37966
2019-10-17,40534
2019-10-18,49092
2019-10-19,20249
2019-10-20,49049
2019-10-21,38557
2019-10-22,41417
2019-10-23,26457
2019-10-24,13121
2019-10-25,32822
2019-10-26,17902
2019-10-27,27817
2019-10-28,27117
2019-10-29,19664
2019-10-30,11661
2019-10-31,42549
2019-11-01,19050
2019-11-02,46705
2019-11-03,33036
2019-11-04,39492
2019-11-05,34214
2019-11-06,11770
2019-11-07,28248
2019-11-08,14494
2019-11-09,44842
2019-11-10,28831
2019-11-11,41109
2019-11-12,22661
2019-11-13,19451
2019-11-14,25998
2019-11-15,25013
2019-11-16,37582
2019-11-17,18345
2019-11-18,36309
2019-11-19,36689
2019-11-20,30171
2019-11-21,43797
2019-11-22,46251
2019-11-23,43770
2019-11-24,48753
2019-11-25,33287
2019-11-26,18383
2019-11-27,21501
2019-11-28,14088
2019-11-29,28345
2019-11-30,20611
2019-12-01,48951
2019-12-02,48258
2019-12-03,11057
2019-12-04,40180
2019-12-05,18639
2019-12-06,24359
2019-12-07,44687
2019-12-08,39216
2019-12-09,46974
2019-12-10,25619
2019-12-11,46713
2019-12-12,18231
2019-12-13,39399
2019-12-14,19035
2019-12-15,12292
2019-12-16,26706
2019-12-17,24410
2019-12-18,17519
2019-12-19,42068
2019-12-20,32401
2019-12-21,43609
2019-12-22,39967
2019-12-23,43597
2019-12-24,23527
2019-12-25,24283
2019-12-26,27363
2019-12-27,44153
2019-12-28,26111
2019-12-29,45884
2019-12-30,10007
2019-12-31,46615
2020-01-01,46765
2020-01-02,14377
2020-01-03,18644
2020-01-04,19957
2020-01-05,41273
2020-01-06,15304
2020-01-07,19099
2020-01-08,34509
2020-01-09,45877
2020-01-10,34826
2020-01-11,10795
2020-01-12,30433
2020-01-13,13467
2020-01-14,47970
2020-01-15,34056
2020-01-16,16215
2020-01-17,32902
2020-01-18,18800
2020-01-19,24991
2020-01-20,49228
2020-01-21,18913
2020-01-22,11265
2020-01-23,37458
2020-01-24,26815
2020-01-25,15561
2020-01-26,25913
2020-01-27,29385
2020-01-28,16844
2020-01-29,18731
2020-01-30,36870
2020-01-31,31834
2020-02-01,19955
2020-02-02,16230
2020-02-03,43509
2020-02-04,39276
2020-02-05,37795
2020-02-06,26399
2020-02-07,48666
2020-02-08,45329
2020-02-09,26904
2020-02-10,25813
2020-02-11,34532
2020-02-12,29793
2020-02-13,24727
2020-02-14,32021
2020-02-15,44654
2020-02-16,15064
2020-02-17,21132
2020-02-18,46385
2020-02-19,17032
2020-02-20,16804
2020-02-21,27267
2020-02-22,26155
2020-02-23,48216
2020-02-24,22802
2020-02-25,30630
2020-02-26,41446
2020-02-27,42269
2020-02-28,33643
2020-02-29,11094
2020-03-01,40801
2020-03-02,26559
2020-03-03,32718
2020-03-04,45386
2020-03-05,24655
2020-03-06,24429
2020-03-07,11394
2020-03-08,13305
2020-03-09,19339
2020-03-10,39433
2020-03-11,36100
2020-03-12,14441
2020-03-13,30095
2020-03-14,28598
2020-03-15,31318
2020-03-16,20007
2020-03-17,39148
2020-03-18,28761
2020-03-19,49202
2020-03-20,46787
2020-03-21,24749
2020-03-22,18232
2020-03-23,11076
2020-03-24,48335
2020-03-25,36918
2020-03-26,47093
2020-03-27,27285
2020-03-28,15054
2020-03-29,19481
2020-03-30,12534
2020-03-31,24338
2020-04-01,44103
2020-04-02,33961
2020-04-03,27553
2020-04-04,20165
2020-04-05,47886
2020-04-06,24540
2020-04-07,18309
2020-04-08,23933
2020-04-09,35787
2020-04-10,36257
2020-04-11,25459
2020-04-12,21559
2020-04-13,35900
2020-04-14,44247
2020-04-15,13770
2020-04-16,18805
2020-04-17,12524
2020-04-18,45043
2020-04-19,31788
2020-04-20,47184
2020-04-21,19722
2020-04-22,35400
2020-04-23,24187
2020-04-24,30519
2020-04-25,18547
2020-04-26,18495
2020-04-27,27207
2020-04-28,36485
2020-04-29,34644
2020-04-30,16471
2020-05-01,28090
2020-05-02,13925
2020-05-03,25053
2020-05-04,14278
2020-05-05,33247
2020-05-06,11726
2020-05-07,46294
2020-05-08,13873
2020-05-09,13853
2020-05-10,42097
2020-05-11,38624
2020-05-12,18425
2020-05-13,18963
2020-05-14,41997
2020-05-15,44373
2020-05-16,24360
2020-05-17,37002
2020-05-18,49937
2020-05-19,49308
2020-05-20,39749
2020-05-21,26044
2020-05-22,12407
2020-05-23,47594
2020-05-24,46470
2020-05-25,12966
2020-05-26,48756
2020-05-27,45532
2020-05-28,47965
2020-05-29,13840
2020-05-30,38888
2020-05-31,39682
2020-06-01,21628
2020-06-02,47762
2020-06-03,40129
2020-06-04,42373
2020-06-05,11087
2020-06-06,43812
2020-06-07,18781
2020-06-08,26243
2020-06-09,48287
2020-06-10,18177
2020-06-11,10364
2020-06-12,18209
2020-06-13,36233
2020-06-14,48427
2020-06-15,25747
2020-06-16,40595
2020-06-17,22088
2020-06-18,23376
2020-06-19,21543
2020-06-20,18087
2020-06-21,23656
2020-06-22,27479
2020-06-23,45327
2020-06-24,24250
2020-06-25,40399
2020-06-26,16062
2020-06-27,41349
2020-06-28,44625
2020-06-29,18963
2020-06-30,12091
2020-07-01,29224
2020-07-02,31073
2020-07-03,11600
2020-07-04,39006
2020-07-05,29266
2020-07-06,29352
2020-07-07,48503
2020-07-08,20182
2020-07-09,39770
2020-07-10,20952
2020-07-11,16243
2020-07-12,27146
2020-07-13,10729
2020-07-14,47955
2020-07-15,12209
2020-07-16,29980
2020-07-17,36878
2020-07-18,48279
2020-07-19,46416
2020-07-20,24845
2020-07-21,17920
2020-07-22,34955
2020-07-23,41220
2020-07-24,34866
2020-07-25,12925
2020-07-26,43866
2020-07-27,18680
2020-07-28,28392
2020-07-29,15510
2020-07-30,15583
2020-07-31,45629
2020-08-01,49403
2020-08-02,25235
2020-08-03,15396
2020-08-04,38577
2020-08-05,37785
2020-08-06,29598
2020-08-07,25214
2020-08-08,15669
2020-08-09,48122
2020-08-10,34679
2020-08-11,26353
2020-08-12,40926
2020-08-13,31572
2020-08-14,16308
2020-08-15,41874
2020-08-16,13062
2020-08-17,28823
2020-08-18,11071
2020-08-19,32767
2020-08-20,47178
2020-08-21,33458
2020-08-22,45925
2020-08-23,33547
2020-08-24,20244
2020-08-25,22110
2020-08-26,24583
2020-08-27,16562
2020-08-28,22584
2020-08-29,21059
2020-08-30,15305
2020-08-31,48789
2020-09-01,18395
2020-09-02,49136
2020-09-03,24467
2020-09-04,28867
2020-09-05,16023
2020-09-06,48881
2020-09-07,48024
2020-09-08,42077
2020-09-09,11724
2020-09-10,26994
2020-09-11,17478
2020-09-12,20604
2020-09-13,38745
2020-09-14,47719
2020-09-15,22634
2020-09-16,37710
2020-09-17,47383
2020-09-18,11700
2020-09-19,37405
2020-09-20,27097
2020-09-21,39054
2020-09-22,23112
2020-09-23,41617
2020-09-24,21388
2020-09-25,13923
2020-09-26,25934
2020-09-27,31198
2020-09-28,28956
2020-09-29,37840
2020-09-30,48862
2020-10-01,41878
2020-10-02,14244
2020-10-03,37962
2020-10-04,26924
2020-10-05,35798
2020-10-06,11958
2020-10-07,42880
2020-10-08,48398
2020-10-09,48660
2020-10-10,22325
2020-10-11,34797
2020-10-12,17687
2020-10-13,18806
2020-10-14,23801
2020-10-15,21771
2020-10-16,27964
2020-10-17,33057
2020-10-18,14567
2020-10-19,43287
2020-10-20,45850
2020-10-21,34724
2020-10-22,48400
2020-10-23,47828
2020-10-24,14255
2020-10-25,22262
2020-10-26,41567
2020-10-27,19928
2020-10-28,19097
2020-10-29,20130
2020-10-30,39680
2020-10-31,47373
2020-11-01,48857
2020-11-02,18802
2020-11-03,29504
2020-11-04,32390
2020-11-05,13554
2020-11-06,18103
2020-11-07,15821
2020-11-08,29108
2020-11-09,31578
2020-11-10,34839
2020-11-11,38915
2020-11-12,16008
2020-11-13,37128
2020-11-14,16905
2020-11-15,23612
2020-11-16,25383
2020-11-17,33982
2020-11-18,27114
2020-11-19,19590
2020-11-20,49555
2020-11-21,12416
2020-11-22,43409
2020-11-23,10780
2020-11-24,46967
2020-11-25,17635
2020-11-26,12271
2020-11-27,33538
2020-11-28,28562
2020-11-29,18686
2020-11-30,35986
2020-12-01,21273
2020-12-02,21658
2020-12-03,36858
2020-12-04,42522
2020-12-05,11795
2020-12-06,15297
2020-12-07,23806
2020-12-08,30935
2020-12-09,47435
2020-12-10,35975
2020-12-11,43162
2020-12-12,37565
2020-12-13,45640
2020-12-14,21664
2020-12-15,15089
2020-12-16,23395
2020-12-17,10338
2020-12-18,40350
2020-12-19,18726
2020-12-20,49185
2020-12-21,14232
2020-12-22,21065
2020-12-23,40024
2020-12-24,30494
2020-12-25,33396
2020-12-26,12399
2020-12-27,13822
2020-12-28,38869
2020-12-29,11535
2020-12-30,24950
2020-12-31,32504
2021-01-01,23317
2021-01-02,33353
2021-01-03,40602
2021-01-04,34388
2021-01-05,10612
2021-01-06,15877
2021-01-07,24483
2021-01-08,14392
2021-01-09,31946
2021-01-10,47155
2021-01-11,36897
2021-01-12,38775
2021-01-13,49453
2021-01-14,45686
2021-01-15,29299
2021-01-16,28910
2021-01-17,12459
2021-01-18,17319
2021-01-19,44415
2021-01-20,46257
2021-01-21,15232
2021-01-22,11252
2021-01-23,19976
2021-01-24,36296
2021-01-25,38793
2021-01-26,37565
2021-01-27,40028
2021-01-28,48075
2021-01-29,20109
2021-01-30,29367
2021-01-31,21627
2021-02-01,27765
2021-02-02,35840
2021-02-03,41204
2021-02-04,35845
2021-02-05,14486
2021-02-06,11808
2021-02-07,11791
2021-02-08,10938
2021-02-09,46955
2021-02-10,41806
2021-02-11,18085
2021-02-12,16418
2021-02-13,33578
2021-02-14,44835
2021-02-15,18916
2021-02-16,13157
2021-02-17,20202
2021-02-18,41621
2021-02-19,27253
2021-02-20,33616
2021-02-21,30008
2021-02-22,37774
2021-02-23,40807
2021-02-24,45439
2021-02-25,13863
2021-02-26,27642
2021-02-27,17256
2021-02-28,17242
2021-03-01,17685
2021-03-02,34966
2021-03-03,21129
2021-03-04,14155
2021-03-05,14096
2021-03-06,42960
2021-03-07,12077
2021-03-08,15611
2021-03-09,30277
2021-03-10,38276
2021-03-11,49783
2021-03-12,34928
2021-03-13,12320
2021-03-14,29859
2021-03-15,19367
2021-03-16,10589
2021-03-17,44973
2021-03-18,13500
2021-03-19,24202
2021-03-20,18013
2021-03-21,35307
2021-03-22,40475
2021-03-23,41687
2021-03-24,17291
2021-03-25,48854
2021-03-26,23439
2021-03-27,44112
2021-03-28,43019
2021-03-29,47144
2021-03-30,26707
2021-03-31,26380
2021-04-01,30161
2021-04-02,19816
2021-04-03,38723
2021-04-04,34499
2021-04-05,47595
2021-04-06,34399
2021-04-07,27314
2021-04-08,18741
2021-04-09,28583
2021-04-10,27661
2021-04-11,27795
2021-04-12,49649
2021-04-13,30786
2021-04-14,20267
2021-04-15,14035
2021-04-16,25814
2021-04-17,23692
2021-04-18,16693
2021-04-19,12662
2021-04-20,35262
2021-04-21,12747
2021-04-22,31488
2021-04-23,47904
2021-04-24,32255
2021-04-25,20847
2021-04-26,22289
2021-04-27,21077
2021-04-28,17420
2021-04-29,40555
2021-04-30,40961
2021-05-01,37208
2021-05-02,34158
2021-05-03,45968
2021-05-04,44687
2021-05-05,15070
2021-05-06,26538
2021-05-07,16030
2021-05-08,12537
2021-05-09,21947
2021-05-10,18511
2021-05-11,32602
2021-05-12,19917
2021-05-13,23268
2021-05-14,15523
2021-05-15,44655
2021-05-16,41995
2021-05-17,14185
2021-05-18,27209
2021-05-19,35800
2021-05-20,31679
2021-05-21,33998
2021-05-22,28192
2021-05-23,46255
2021-05-24,27445
2021-05-25,25108
2021-05-26,22708
2021-05-27,37413
2021-05-28,13773
2021-05-29,34301
2021-05-30,27753
2021-05-31,24715
2021-06-01,16047
2021-06-02,18582
2021-06-03,29880
2021-06-04,30350
2021-06-05,38583
2021-06-06,49494
2021-06-07,24471
2021-06-08,46744
2021-06-09,18876
2021-06-10,49351
2021-06-11,42105
2021-06-12,40061
2021-06-13,47479
2021-06-14,36809
2021-06-15,49032
2021-06-16,23012
2021-06-17,46812
2021-06-18,30264
2021-06-19,16039
2021-06-20,19437
2021-06-21,39722
2021-06-22,21047
2021-06-23,41354
2021-06-24,34310
2021-06-25,27827
2021-06-26,49174
2021-06-27,10930
2021-06-28,48839
2021-06-29,22102
2021-06-30,47525
2021-07-01,12829
2021-07-02,42114
2021-07-03,37826
2021-07-04,36971
2021-07-05,18410
2021-07-06,43781
2021-07-07,14786
2021-07-08,42204
2021-07-09,15413
2021-07-10,11787
2021-07-11,14891
2021-07-12,21589
2021-07-13,36495
2021-07-14,17493
2021-07-15,35302
2021-07-16,24134
2021-07-17,36608
2021-07-18,10013
2021-07-19,23980
2021-07-20,37926
2021-07-21,39162
2021-07-22,44206
2021-07-23,37161
2021-07-24,39331
2021-07-25,24684
2021-07-26,23126
2021-07-27,30573
2021-07-28,22285
2021-07-29,14446
2021-07-30,19480
2021-07-31,43437
2021-08-01,29333
2021-08-02,24494
2021-08-03,44149
2021-08-04,14147
2021-08-05,47054
2021-08-06,30625
2021-08-07,14282
2021-08-08,32514
2021-08-09,25461
2021-08-10,49680
2021-08-11,19121
2021-08-12,19400
2021-08-13,13217
2021-08-14,12535
2021-08-15,11676
2021-08-16,41862
2021-08-17,20853
2021-08-18,25100
2021-08-19,17158
2021-08-20,36706
2021-08-21,42183
2021-08-22,44791
2021-08-23,26713
2021-08-24,33830
2021-08-25,18219
2021-08-26,23065
2021-08-27,45823
2021-08-28,42255
2021-08-29,27692
2021-08-30,32177
2021-08-31,34155
2021-09-01,15629
2021-09-02,11217
2021-09-03,19292
2021-09-04,23960
2021-09-05,38342
2021-09-06,14957
2021-09-07,33500
2021-09-08,38147
2021-09-09,22070
2021-09-10,25244
2021-09-11,49254
2021-09-12,11206
2021-09-13,35501
2021-09-14,36931
2021-09-15,23474
2021-09-16,20261
2021-09-17,35895
2021-09-18,18097
2021-09-19,28630
2021-09-20,23347
2021-09-21,19844
2021-09-22,19348
2021-09-23,19337
2021-09-24,29564
2021-09-25,49300
2021-09-26,15547
2021-09-27,48931
2021-09-28,42117
2021-09-29,16354
2021-09-30,36859
2021-10-01,17079
2021-10-02,23139
2021-10-03,33737
2021-10-04,18615
2021-10-05,35114
2021-10-06,41655
2021-10-07,31105
2021-10-08,28419
2021-10-09,21818
2021-10-10,20757
2021-10-11,24971
2021-10-12,22768
2021-10-13,42637
2021-10-14,25972
2021-10-15,14026
2021-10-16,49086
2021-10-17,18690
2021-10-18,48822
2021-10-19,45416
2021-10-20,32366
2021-10-21,18880
2021-10-22,23368
2021-10-23,25777
2021-10-24,28567
2021-10-25,27480
2021-10-26,21370
2021-10-27,16437
2021-10-28,20867
2021-10-29,36510
2021-10-30,42528
2021-10-31,29639
2021-11-01,19925
2021-11-02,46625
2021-11-03,26452
2021-11-04,35049
2021-11-05,14378
2021-11-06,35145
2021-11-07,35808
2021-11-08,36071
2021-11-09,32635
2021-11-10,39651
2021-11-11,37390
2021-11-12,46141
2021-11-13,11920
2021-11-14,28180
2021-11-15,48269
2021-11-16,11644
2021-11-17,23732
2021-11-18,44709
2021-11-19,31109
2021-11-20,30390
2021-11-21,35881
2021-11-22,10882
2021-11-23,28520
2021-11-24,39421
2021-11-25,26975
2021-11-26,19392
2021-11-27,45601
2021-11-28,10367
2021-11-29,10591
2021-11-30,28924
2021-12-01,47407
2021-12-02,21236
2021-12-03,33679
2021-12-04,31650
2021-12-05,23402
2021-12-06,11395
2021-12-07,17015
2021-12-08,11638
2021-12-09,36631
2021-12-10,15279
2021-12-11,12635
2021-12-12,38066
2021-12-13,26422
2021-12-14,40991
2021-12-15,36789
2021-12-16,44101
2021-12-17,17195
2021-12-18,14024
2021-12-19,30305
2021-12-20,12132
2021-12-21,49552
2021-12-22,39731
2021-12-23,10056
2021-12-24,48233
2021-12-25,18343
2021-12-26,14362
2021-12-27,44749
2021-12-28,16302
2021-12-29,34056
2021-12-30,11073
2021-12-31,32203
2022-01-01,37215
2022-01-02,35303
2022-01-03,39939
2022-01-04,44736
2022-01-05,38268
2022-01-06,20518
2022-01-07,47599
2022-01-08,32764
2022-01-09,41194
2022-01-10,23701
2022-01-11,13408
2022-01-12,44818
2022-01-13,27209
2022-01-14,48232
2022-01-15,35855
2022-01-16,31001
2022-01-17,45251
2022-01-18,31147
2022-01-19,29142
2022-01-20,47092
2022-01-21,14399
2022-01-22,41383
2022-01-23,40654
2022-01-24,13198
2022-01-25,24894
2022-01-26,11744
2022-01-27,42751
2022-01-28,26432
2022-01-29,29532
2022-01-30,16351
2022-01-31,38739
2022-02-01,14697
2022-02-02,38454
2022-02-03,30004
2022-02-04,36616
2022-02-05,28566
2022-02-06,17379
2022-02-07,45194
2022-02-08,45559
2022-02-09,33091
2022-02-10,30298
2022-02-11,43697
2022-02-12,11477
2022-02-13,12757
2022-02-14,34029
2022-02-15,32355
2022-02-16,48488
2022-02-17,27467
2022-02-18,25768
2022-02-19,17385
2022-02-20,31244
2022-02-21,20378
2022-02-22,45833
2022-02-23,34334
2022-02-24,30154
2022-02-25,49633
2022-02-26,39971
2022-02-27,45999
2022-02-28,24003
2022-03-01,48504
2022-03-02,34767
2022-03-03,39957
2022-03-04,43860
2022-03-05,15975
2022-03-06,11792
2022-03-07,11812
2022-03-08,39238
2022-03-09,39395
2022-03-10,43934
2022-03-11,30936
2022-03-12,47108
2022-03-13,37118
2022-03-14,12830
2022-03-15,49319
2022-03-16,28174
2022-03-17,47158
2022-03-18,13523
2022-03-19,24812
2022-03-20,11290
2022-03-21,13849
2022-03-22,27130
2022-03-23,17365
2022-03-24,11648
2022-03-25,33510
2022-03-26,35495
2022-03-27,11690
2022-03-28,14219
2022-03-29,45676
2022-03-30,42033
2022-03-31,24533
2022-04-01,32475
2022-04-02,41717
2022-04-03,15208
2022-04-04,47063
2022-04-05,47581
2022-04-06,33870
2022-04-07,42021
2022-04-08,29820
2022-04-09,29304
2022-04-10,22257
2022-04-11,34559
2022-04-12,45611
2022-04-13,23019
2022-04-14,16749
2022-04-15,21607
2022-04-16,42697
2022-04-17,12176
2022-04-18,13871
2022-04-19,36957
2022-04-20,38256
2022-04-21,46584
2022-04-22,15960
2022-04-23,26609
2022-04-24,35784
2022-04-25,25478
2022-04-26,44012
2022-04-27,19974
2022-04-28,35138
2022-04-29,48826
2022-04-30,30971
2022-05-01,29517
2022-05-02,14091
2022-05-03,15124
2022-05-04,38773
2022-05-05,42043
2022-05-06,32184
2022-05-07,17697
2022-05-08,31135
2022-05-09,24610
2022-05-10,49364
2022-05-11,37683
2022-05-12,11302
2022-05-13,46436
2022-05-14,37061
2022-05-15,27566
2022-05-16,27796
2022-05-17,13028
2022-05-18,42899
2022-05-19,43362
2022-05-20,15834
2022-05-21,36252
2022-05-22,24554
2022-05-23,11065
2022-05-24,46532
2022-05-25,18321
2022-05-26,47942
2022-05-27,40366
2022-05-28,45392
2022-05-29,44318
2022-05-30,46807
2022-05-31,36363
2022-06-01,38936
2022-06-02,29848
2022-06-03,40526
2022-06-04,39524
2022-06-05,26937
2022-06-06,16784
2022-06-07,17419
2022-06-08,27416
2022-06-09,43868
2022-06-10,46104
2022-06-11,31176
2022-06-12,16187
2022-06-13,36022
2022-06-14,29838
2022-06-15,32305
2022-06-16,46637
2022-06-17,37240
2022-06-18,46775
2022-06-19,26254
2022-06-20,49428
2022-06-21,28181
2022-06-22,21509
2022-06-23,46228
2022-06-24,41476
2022-06-25,26953
2022-06-26,48744
2022-06-27,16538
2022-06-28,26968
2022-06-29,11094
2022-06-30,28629
2022-07-01,20042
2022-07-02,14263
2022-07-03,35659
2022-07-04,13736
2022-07-05,49304
2022-07-06,47796
2022-07-07,26841
2022-07-08,37663
2022-07-09,45185
2022-07-10,15588
2022-07-11,16425
2022-07-12,14948
2022-07-13,33984
2022-07-14,16124
2022-07-15,31241
2022-07-16,34311
2022-07-17,12281
2022-07-18,24020
2022-07-19,13342
2022-07-20,43756
2022-07-21,19022
2022-07-22,42912
2022-07-23,49783
2022-07-24,27823
2022-07-25,47711
2022-07-26,19590
2022-07-27,26664
2022-07-28,36030
2022-07-29,37625
2022-07-30,35741
2022-07-31,37592
2022-08-01,14561
2022-08-02,25360
2022-08-03,16472
2022-08-04,19556
2022-08-05,30255
2022-08-06,45742
2022-08-07,38712
2022-08-08,17290
2022-08-09,25172
2022-08-10,15704
2022-08-11,49817
2022-08-12,47994
2022-08-13,36254
2022-08-14,37015
2022-08-15,26561
2022-08-16,20508
2022-08-17,32596
2022-08-18,47370
2022-08-19,26788
2022-08-20,21068
2022-08-21,15480
2022-08-22,31688
2022-08-23,30595
2022-08-24,39054
2022-08-25,29173
2022-08-26,30256
2022-08-27,13382
2022-08-28,11792
2022-08-29,16504
2022-08-30,48697
2022-08-31,45710
2022-09-01,41131
2022-09-02,38923
2022-09-03,10705
2022-09-04,31775
2022-09-05,14666
2022-09-06,49163
2022-09-07,13744
2022-09-08,13828
2022-09-09,34727
2022-09-10,33871
2022-09-11,18489
2022-09-12,14042
2022-09-13,40943
2022-09-14,23539
2022-09-15,11233
2022-09-16,41027
2022-09-17,41603
2022-09-18,16588
2022-09-19,15865
2022-09-20,14253
2022-09-21,16846
2022-09-22,36031
2022-09-23,23375
2022-09-24,49881
2022-09-25,14551
2022-09-26,15281
2022-09-27,16203
2022-09-28,44962
2022-09-29,48119
2022-09-30,34778
2022-10-01,15292
2022-10-02,42923
2022-10-03,13086
2022-10-04,30546
2022-10-05,40314
2022-10-06,47877
2022-10-07,35861
2022-10-08,39865
2022-10-09,43055
2022-10-10,43081
2022-10-11,16325
2022-10-12,23694
2022-10-13,10531
2022-10-14,12317
2022-10-15,41285
2022-10-16,34994
2022-10-17,46850
2022-10-18,42477
2022-10-19,35906
2022-10-20,10403
2022-10-21,22879
2022-10-22,11478
2022-10-23,40879
2022-10-24,23229
2022-10-25,42317
2022-10-26,27278
2022-10-27,18595
2022-10-28,17104
2022-10-29,41454
2022-10-30,11702
2022-10-31,40758
2022-11-01,11724
2022-11-02,34939
2022-11-03,31951
2022-11-04,39183
2022-11-05,24004
2022-11-06,26377
2022-11-07,25910
2022-11-08,33767
2022-11-09,16155
2022-11-10,32374
2022-11-11,39949
2022-11-12,46675
2022-11-13,32356
2022-11-14,15573
2022-11-15,17264
2022-11-16,35130
2022-11-17,25931
2022-11-18,42179
2022-11-19,12928
2022-11-20,30857
2022-11-21,16649
2022-11-22,21440
2022-11-23,21805
2022-11-24,32061
2022-11-25,23121
2022-11-26,20532
2022-11-27,10751
2022-11-28,35412
2022-11-29,20338
2022-11-30,47352
2022-12-01,32786
2022-12-02,28094
2022-12-03,32679
2022-12-04,30706
2022-12-05,43096
2022-12-06,13627
2022-12-07,47083
2022-12-08,39712
2022-12-09,49491
2022-12-10,30395
2022-12-11,21935
2022-12-12,45960
2022-12-13,29408
2022-12-14,30866
2022-12-15,19784
2022-12-16,48026
2022-12-17,19923
2022-12-18,20391
2022-12-19,47761
2022-12-20,15946
2022-12-21,32011
2022-12-22,11712
2022-12-23,36648
2022-12-24,29911
2022-12-25,24257
2022-12-26,23427
2022-12-27,24568
2022-12-28,44857
2022-12-29,47772
2022-12-30,16308
2022-12-31,25322
2023-01-01,21779
2023-01-02,35460
2023-01-03,39079
2023-01-04,28182
2023-01-05,13197
2023-01-06,47917
2023-01-07,18401
2023-01-08,20767
2023-01-09,26323
2023-01-10,15754
2023-01-11,18806
2023-01-12,14005
2023-01-13,28619
2023-01-14,23852
2023-01-15,11074
2023-01-16,40475
2023-01-17,11908
2023-01-18,33511
2023-01-19,46763
2023-01-20,16863
2023-01-21,27441
2023-01-22,42253
2023-01-23,19897
2023-01-24,33008
2023-01-25,16873
2023-01-26,28236
2023-01-27,48472
2023-01-28,34824
2023-01-29,16972
2023-01-30,16240
2023-01-31,35883
2023-02-01,42729
2023-02-02,48725
2023-02-03,33489
2023-02-04,14355
2023-02-05,49697
2023-02-06,13241
2023-02-07,11269
2023-02-08,28393
2023-02-09,46019
2023-02-10,31999
2023-02-11,45567
2023-02-12,35470
2023-02-13,45608
2023-02-14,42600
2023-02-15,39988
2023-02-16,24557
2023-02-17,15935
2023-02-18,24855
2023-02-19,43196
2023-02-20,38125
2023-02-21,27170
2023-02-22,26558
2023-02-23,28415
2023-02-24,15000
2023-02-25,26868
2023-02-26,11526
2023-02-27,15657
2023-02-28,31898
2023-03-01,20031
2023-03-02,41619
2023-03-03,22427
2023-03-04,16832
2023-03-05,19068
2023-03-06,31793
2023-03-07,48533
2023-03-08,45433
2023-03-09,34505
2023-03-10,15029
2023-03-11,42251
2023-03-12,13866
2023-03-13,40422
2023-03-14,46300
2023-03-15,19984
2023-03-16,28574
2023-03-17,27349
2023-03-18,26397
2023-03-19,35016
2023-03-20,14775
2023-03-21,13187
2023-03-22,15808
2023-03-23,40867
2023-03-24,41409
2023-03-25,17841
2023-03-26,35749
2023-03-27,25171
2023-03-28,40978
2023-03-29,41678
2023-03-30,30636
2023-03-31,39235
2023-04-01,24759
2023-04-02,34969
2023-04-03,16042
2023-04-04,31641
2023-04-05,10479
2023-04-06,31279
2023-04-07,31679
2023-04-08,35718
2023-04-09,39921
2023-04-10,23001
2023-04-11,32506
2023-04-12,22849
2023-04-13,32299
2023-04-14,10756
2023-04-15,36927
2023-04-16,32338
2023-04-17,17681
2023-04-18,41925
2023-04-19,38127
2023-04-20,20849
2023-04-21,41601
2023-04-22,30894
2023-04-23,30030
2023-04-24,17699
2023-04-25,26399
2023-04-26,35598
2023-04-27,14560
2023-04-28,45522
2023-04-29,21171
2023-04-30,47340
2023-05-01,37847
2023-05-02,28970
2023-05-03,38169
2023-05-04,21030
2023-05-05,12926
2023-05-06,43277
2023-05-07,42742
2023-05-08,47896
2023-05-09,31102
2023-05-10,13641
2023-05-11,41402
2023-05-12,35706
2023-05-13,37781
2023-05-14,40414
2023-05-15,30377
2023-05-16,40443
2023-05-17,17897
2023-05-18,15932
2023-05-19,40574
2023-05-20,31239
2023-05-21,25550
2023-05-22,48762
2023-05-23,26028
2023-05-24,40881
2023-05-25,41367
2023-05-26,40305
2023-05-27,40889
2023-05-28,20058
2023-05-29,38598
2023-05-30,20128
2023-05-31,34680
2023-06-01,31053
2023-06-02,33974
2023-06-03,22450
2023-06-04,18665
2023-06-05,27020
2023-06-06,23265
2023-06-07,48741
2023-06-08,18354
2023-06-09,20569
2023-06-10,26921
2023-06-11,33996
2023-06-12,41947
2023-06-13,19035
2023-06-14,44619
2023-06-15,49430
2023-06-16,33287
2023-06-17,42869
2023-06-18,43209
2023-06-19,35246
2023-06-20,22052
2023-06-21,34638
2023-06-22,27913
2023-06-23,44449
2023-06-24,25471
2023-06-25,29244
2023-06-26,36037
2023-06-27,21791
2023-06-28,42647
2023-06-29,12178
2023-06-30,40566
2023-07-01,14248
2023-07-02,39069
2023-07-03,19664
2023-07-04,18355
2023-07-05,27178
2023-07-06,27943
2023-07-07,23926
2023-07-08,41958
2023-07-09,19245
2023-07-10,45520
2023-07-11,15655
2023-07-12,48371
2023-07-13,27613
2023-07-14,49966
2023-07-15,41667
2023-07-16,39518
2023-07-17,34422
2023-07-18,40492
2023-07-19,14479
2023-07-20,11396
2023-07-21,37820
2023-07-22,17694
2023-07-23,28126
2023-07-24,33860
2023-07-25,25858
2023-07-26,45610
2023-07-27,35732
2023-07-28,25517
2023-07-29,18299
2023-07-30,46369
2023-07-31,22014
2023-08-01,39941
2023-08-02,33797
2023-08-03,15786
2023-08-04,33382
2023-08-05,42568
2023-08-06,36464
2023-08-07,20922
2023-08-08,48381
2023-08-09,18038
2023-08-10,38349
2023-08-11,16552
2023-08-12,46474
2023-08-13,17214
2023-08-14,34380
2023-08-15,16795
2023-08-16,27568
2023-08-17,48676
2023-08-18,41140
2023-08-19,40834
2023-08-20,40890
2023-08-21,15846
2023-08-22,39430
2023-08-23,48850
2023-08-24,13886
2023-08-25,16895
2023-08-26,35929
2023-08-27,39290
2023-08-28,20966
2023-08-29,29918
2023-08-30,13258
2023-08-31,35836
2023-09-01,24366
2023-09-02,37308
2023-09-03,17123
2023-09-04,44932
2023-09-05,12766
2023-09-06,45734
2023-09-07,32227
2023-09-08,48619
2023-09-09,39845
2023-09-10,45891
2023-09-11,12609
2023-09-12,45749
2023-09-13,18112
2023-09-14,27925
2023-09-15,34615
2023-09-16,48737
2023-09-17,33122
2023-09-18,28498
2023-09-19,47078
2023-09-20,10577
2023-09-21,20484
2023-09-22,15585
2023-09-23,38159
2023-09-24,13288
2023-09-25,45443
2023-09-26,10952
2023-09-27,38887
2023-09-28,18405
2023-09-29,31349
2023-09-30,17699
2023-10-01,48826
2023-10-02,42446
2023-10-03,25736
2023-10-04,42983
2023-10-05,28011
2023-10-06,30362
2023-10-07,40257
2023-10-08,18877
2023-10-09,19150
2023-10-10,28743
2023-10-11,11977
2023-10-12,44728
2023-10-13,10952
2023-10-14,28835
2023-10-15,43669
2023-10-16,10329
2023-10-17,22906
2023-10-18,31263
2023-10-19,48543
2023-10-20,24593
2023-10-21,19795
2023-10-22,11844
2023-10-23,46378
2023-10-24,16232
2023-10-25,30385
2023-10-26,37208
2023-10-27,45755
2023-10-28,20076
2023-10-29,29515
2023-10-30,34554
2023-10-31,17517
2023-11-01,46180
2023-11-02,49302
2023-11-03,30481
2023-11-04,48533
2023-11-05,28007
2023-11-06,44649
2023-11-07,15187
2023-11-08,40594
2023-11-09,18385
2023-11-10,38304
2023-11-11,23791
2023-11-12,29180
2023-11-13,18065
2023-11-14,32384
2023-11-15,35522
2023-11-16,34710
2023-11-17,12638
2023-11-18,20052
2023-11-19,42003
2023-11-20,11712
2023-11-21,20882
2023-11-22,49733
2023-11-23,31331
2023-11-24,25577
2023-11-25,49942
2023-11-26,21369
2023-11-27,39468
2023-11-28,44586
2023-11-29,43857
2023-11-30,46450
2023-12-01,37681
2023-12-02,29716
2023-12-03,36358
2023-12-04,42056
2023-12-05,29282
2023-12-06,36199
2023-12-07,21017
2023-12-08,29059
2023-12-09,21863
2023-12-10,38765
2023-12-11,25037
2023-12-12,30056
2023-12-13,19633
